Record Length,2.500000e+03,,  -0.005000000000,   1.60000,
Sample Interval,4.000000e-06,,  -0.004996000000,   1.20000,
Trigger Point,1.250000000000e+03,,  -0.004992000000,   1.20000,
,,,  -0.004988000000,   0.80000,
,,,  -0.004984000000,   0.40000,
,,,  -0.004980000000,   0.40000,
Source,CH1,,  -0.004976000000,   0.40000,
Vertical Units,V,,  -0.004972000000,  -0.40000,
Vertical Scale,1.000000e+01,,  -0.004968000000,  -0.40000,
Vertical Offset,-1.200000e+00,,  -0.004964000000,  -0.40000,
Horizontal Units,s,,  -0.004960000000,  -0.40000,
Horizontal Scale,1.000000e-03,,  -0.004956000000,  -0.80000,
Pt Fmt,Y,,  -0.004952000000,  -1.20000,
Yzero,0.000000e+00,,  -0.004948000000,  -1.20000,
Probe Atten,1.000000e+01,,  -0.004944000000,  -1.60000,
Model Number,TDS2022C,,  -0.004940000000,  -1.60000,
Serial Number,C031042,,  -0.004936000000,  -1.60000,
Firmware Version,FV:v24.26,,  -0.004932000000,  -2.00000,
,,,-00.004928000000,  -2.00000,
,,,-00.004924000000,  -2.40000,
,,,-00.004920000000,  -2.40000,
,,,-00.004916000000,  -2.80000,
,,,-00.004912000000,  -2.40000,
,,,-00.004908000000,  -2.80000,
,,,-00.004904000000,  -3.20000,
,,,-00.004900000000,  -3.20000,
,,,-00.004896000000,  -3.20000,
,,,-00.004892000000,  -3.20000,
,,,-00.004888000000,  -3.20000,
,,,-00.004884000000,  -3.60000,
,,,-00.004880000000,  -3.60000,
,,,-00.004876000000,  -4.00000,
,,,-00.004872000000,  -3.60000,
,,,-00.004868000000,  -4.00000,
,,,-00.004864000000,  -4.00000,
,,,-00.004860000000,  -4.00000,
,,,-00.004856000000,  -4.00000,
,,,-00.004852000000,  -4.00000,
,,,-00.004848000000,  -4.00000,
,,,-00.004844000000,  -4.40000,
,,,-00.004840000000,  -4.40000,
,,,-00.004836000000,  -4.00000,
,,,-00.004832000000,  -4.00000,
,,,-00.004828000000,  -4.00000,
,,,-00.004824000000,  -4.00000,
,,,-00.004820000000,  -4.40000,
,,,-00.004816000000,  -4.00000,
,,,-00.004812000000,  -4.40000,
,,,-00.004808000000,  -4.00000,
,,,-00.004804000000,  -4.40000,
,,,-00.004800000000,  -4.00000,
,,,-00.004796000000,  -4.00000,
,,,-00.004792000000,  -4.00000,
,,,-00.004788000000,  -4.00000,
,,,-00.004784000000,  -4.00000,
,,,-00.004780000000,  -4.00000,
,,,-00.004776000000,  -4.00000,
,,,-00.004772000000,  -4.00000,
,,,-00.004768000000,  -4.00000,
,,,-00.004764000000,  -4.00000,
,,,-00.004760000000,  -3.60000,
,,,-00.004756000000,  -3.20000,
,,,-00.004752000000,  -3.20000,
,,,-00.004748000000,  -3.60000,
,,,-00.004744000000,  -3.60000,
,,,-00.004740000000,  -3.20000,
,,,-00.004736000000,  -3.20000,
,,,-00.004732000000,  -2.80000,
,,,-00.004728000000,  -2.80000,
,,,-00.004724000000,  -2.80000,
,,,-00.004720000000,  -2.40000,
,,,-00.004716000000,  -2.40000,
,,,-00.004712000000,  -2.40000,
,,,-00.004708000000,  -2.00000,
,,,-00.004704000000,  -2.00000,
,,,-00.004700000000,  -2.00000,
,,,-00.004696000000,  -1.60000,
,,,-00.004692000000,  -1.60000,
,,,-00.004688000000,  -1.20000,
,,,-00.004684000000,  -1.60000,
,,,-00.004680000000,  -1.20000,
,,,-00.004676000000,  -0.80000,
,,,-00.004672000000,  -0.40000,
,,,-00.004668000000,  -0.40000,
,,,-00.004664000000,  -0.40000,
,,,-00.004660000000,  -0.40000,
,,,-00.004656000000,   0.00000,
,,,-00.004652000000,   0.40000,
,,,-00.004648000000,   0.40000,
,,,-00.004644000000,   0.80000,
,,,-00.004640000000,   0.80000,
,,,-00.004636000000,   0.80000,
,,,-00.004632000000,   1.60000,
,,,-00.004628000000,   1.60000,
,,,-00.004624000000,   1.60000,
,,,-00.004620000000,   1.60000,
,,,-00.004616000000,   2.40000,
,,,-00.004612000000,   2.40000,
,,,-00.004608000000,   2.80000,
,,,-00.004604000000,   2.80000,
,,,-00.004600000000,   3.20000,
,,,-00.004596000000,   3.60000,
,,,-00.004592000000,   3.60000,
,,,-00.004588000000,   3.60000,
,,,-00.004584000000,   4.40000,
,,,-00.004580000000,   4.80000,
,,,-00.004576000000,   4.40000,
,,,-00.004572000000,   5.20000,
,,,-00.004568000000,   5.20000,
,,,-00.004564000000,   5.60000,
,,,-00.004560000000,   5.60000,
,,,-00.004556000000,   6.00000,
,,,-00.004552000000,   6.40000,
,,,-00.004548000000,   6.40000,
,,,-00.004544000000,   6.80000,
,,,-00.004540000000,   7.20000,
,,,-00.004536000000,   7.20000,
,,,-00.004532000000,   8.00000,
,,,-00.004528000000,   8.00000,
,,,-00.004524000000,   8.40000,
,,,-00.004520000000,   8.40000,
,,,-00.004516000000,   8.80000,
,,,-00.004512000000,   9.20000,
,,,-00.004508000000,   9.20000,
,,,-00.004504000000,   9.60000,
,,,-00.004500000000,  10.00000,
,,,-00.004496000000,  10.40000,
,,,-00.004492000000,  10.40000,
,,,-00.004488000000,  10.80000,
,,,-00.004484000000,  10.80000,
,,,-00.004480000000,  11.60000,
,,,-00.004476000000,  11.60000,
,,,-00.004472000000,  12.00000,
,,,-00.004468000000,  12.00000,
,,,-00.004464000000,  12.40000,
,,,-00.004460000000,  12.80000,
,,,-00.004456000000,  13.20000,
,,,-00.004452000000,  13.20000,
,,,-00.004448000000,  13.60000,
,,,-00.004444000000,  14.00000,
,,,-00.004440000000,  14.00000,
,,,-00.004436000000,  14.00000,
,,,-00.004432000000,  14.40000,
,,,-00.004428000000,  14.80000,
,,,-00.004424000000,  15.20000,
,,,-00.004420000000,  15.20000,
,,,-00.004416000000,  15.20000,
,,,-00.004412000000,  15.60000,
,,,-00.004408000000,  16.00000,
,,,-00.004404000000,  16.00000,
,,,-00.004400000000,  16.40000,
,,,-00.004396000000,  16.80000,
,,,-00.004392000000,  16.80000,
,,,-00.004388000000,  17.20000,
,,,-00.004384000000,  17.20000,
,,,-00.004380000000,  17.60000,
,,,-00.004376000000,  17.60000,
,,,-00.004372000000,  18.00000,
,,,-00.004368000000,  18.00000,
,,,-00.004364000000,  18.40000,
,,,-00.004360000000,  18.80000,
,,,-00.004356000000,  18.80000,
,,,-00.004352000000,  19.20000,
,,,-00.004348000000,  19.60000,
,,,-00.004344000000,  19.20000,
,,,-00.004340000000,  19.60000,
,,,-00.004336000000,  19.60000,
,,,-00.004332000000,  20.00000,
,,,-00.004328000000,  19.60000,
,,,-00.004324000000,  20.40000,
,,,-00.004320000000,  20.80000,
,,,-00.004316000000,  20.80000,
,,,-00.004312000000,  20.80000,
,,,-00.004308000000,  20.80000,
,,,-00.004304000000,  20.80000,
,,,-00.004300000000,  21.20000,
,,,-00.004296000000,  21.60000,
,,,-00.004292000000,  21.60000,
,,,-00.004288000000,  22.00000,
,,,-00.004284000000,  21.60000,
,,,-00.004280000000,  22.00000,
,,,-00.004276000000,  22.00000,
,,,-00.004272000000,  22.00000,
,,,-00.004268000000,  22.00000,
,,,-00.004264000000,  22.00000,
,,,-00.004260000000,  22.40000,
,,,-00.004256000000,  22.40000,
,,,-00.004252000000,  22.40000,
,,,-00.004248000000,  22.80000,
,,,-00.004244000000,  22.80000,
,,,-00.004240000000,  23.20000,
,,,-00.004236000000,  23.20000,
,,,-00.004232000000,  23.20000,
,,,-00.004228000000,  23.20000,
,,,-00.004224000000,  23.20000,
,,,-00.004220000000,  23.20000,
,,,-00.004216000000,  23.60000,
,,,-00.004212000000,  23.20000,
,,,-00.004208000000,  23.60000,
,,,-00.004204000000,  23.60000,
,,,-00.004200000000,  23.60000,
,,,-00.004196000000,  23.60000,
,,,-00.004192000000,  23.60000,
,,,-00.004188000000,  23.60000,
,,,-00.004184000000,  23.60000,
,,,-00.004180000000,  23.60000,
,,,-00.004176000000,  24.00000,
,,,-00.004172000000,  23.60000,
,,,-00.004168000000,  24.00000,
,,,-00.004164000000,  24.00000,
,,,-00.004160000000,  24.00000,
,,,-00.004156000000,  24.00000,
,,,-00.004152000000,  24.00000,
,,,-00.004148000000,  24.00000,
,,,-00.004144000000,  24.00000,
,,,-00.004140000000,  24.00000,
,,,-00.004136000000,  24.00000,
,,,-00.004132000000,  24.40000,
,,,-00.004128000000,  24.40000,
,,,-00.004124000000,  24.40000,
,,,-00.004120000000,  24.40000,
,,,-00.004116000000,  24.40000,
,,,-00.004112000000,  24.00000,
,,,-00.004108000000,  24.00000,
,,,-00.004104000000,  24.40000,
,,,-00.004100000000,  24.00000,
,,,-00.004096000000,  24.40000,
,,,-00.004092000000,  24.00000,
,,,-00.004088000000,  24.40000,
,,,-00.004084000000,  24.40000,
,,,-00.004080000000,  24.00000,
,,,-00.004076000000,  24.40000,
,,,-00.004072000000,  24.40000,
,,,-00.004068000000,  24.40000,
,,,-00.004064000000,  24.40000,
,,,-00.004060000000,  24.40000,
,,,-00.004056000000,  24.40000,
,,,-00.004052000000,  24.40000,
,,,-00.004048000000,  24.40000,
,,,-00.004044000000,  24.40000,
,,,-00.004040000000,  24.40000,
,,,-00.004036000000,  24.40000,
,,,-00.004032000000,  24.40000,
,,,-00.004028000000,  24.40000,
,,,-00.004024000000,  24.40000,
,,,-00.004020000000,  24.40000,
,,,-00.004016000000,  24.00000,
,,,-00.004012000000,  24.40000,
,,,-00.004008000000,  24.40000,
,,,-00.004004000000,  24.40000,
,,,-00.004000000000,  24.00000,
,,,-00.003996000000,  24.40000,
,,,-00.003992000000,  24.40000,
,,,-00.003988000000,  24.40000,
,,,-00.003984000000,  24.00000,
,,,-00.003980000000,  24.40000,
,,,-00.003976000000,  24.00000,
,,,-00.003972000000,  24.00000,
,,,-00.003968000000,  24.00000,
,,,-00.003964000000,  24.40000,
,,,-00.003960000000,  24.00000,
,,,-00.003956000000,  24.40000,
,,,-00.003952000000,  24.00000,
,,,-00.003948000000,  24.00000,
,,,-00.003944000000,  24.00000,
,,,-00.003940000000,  24.00000,
,,,-00.003936000000,  24.00000,
,,,-00.003932000000,  24.40000,
,,,-00.003928000000,  24.00000,
,,,-00.003924000000,  24.00000,
,,,-00.003920000000,  24.00000,
,,,-00.003916000000,  24.00000,
,,,-00.003912000000,  24.00000,
,,,-00.003908000000,  24.00000,
,,,-00.003904000000,  24.00000,
,,,-00.003900000000,  24.00000,
,,,-00.003896000000,  23.60000,
,,,-00.003892000000,  23.60000,
,,,-00.003888000000,  23.60000,
,,,-00.003884000000,  23.60000,
,,,-00.003880000000,  23.60000,
,,,-00.003876000000,  23.60000,
,,,-00.003872000000,  23.60000,
,,,-00.003868000000,  23.60000,
,,,-00.003864000000,  23.60000,
,,,-00.003860000000,  23.60000,
,,,-00.003856000000,  23.60000,
,,,-00.003852000000,  23.20000,
,,,-00.003848000000,  23.20000,
,,,-00.003844000000,  23.20000,
,,,-00.003840000000,  23.20000,
,,,-00.003836000000,  22.80000,
,,,-00.003832000000,  22.80000,
,,,-00.003828000000,  22.80000,
,,,-00.003824000000,  22.80000,
,,,-00.003820000000,  22.80000,
,,,-00.003816000000,  22.40000,
,,,-00.003812000000,  22.40000,
,,,-00.003808000000,  22.40000,
,,,-00.003804000000,  22.00000,
,,,-00.003800000000,  22.00000,
,,,-00.003796000000,  22.00000,
,,,-00.003792000000,  21.60000,
,,,-00.003788000000,  21.60000,
,,,-00.003784000000,  21.60000,
,,,-00.003780000000,  21.20000,
,,,-00.003776000000,  21.20000,
,,,-00.003772000000,  20.80000,
,,,-00.003768000000,  20.80000,
,,,-00.003764000000,  20.80000,
,,,-00.003760000000,  20.40000,
,,,-00.003756000000,  20.40000,
,,,-00.003752000000,  20.40000,
,,,-00.003748000000,  20.00000,
,,,-00.003744000000,  19.60000,
,,,-00.003740000000,  19.60000,
,,,-00.003736000000,  19.60000,
,,,-00.003732000000,  19.20000,
,,,-00.003728000000,  18.80000,
,,,-00.003724000000,  18.80000,
,,,-00.003720000000,  18.40000,
,,,-00.003716000000,  18.40000,
,,,-00.003712000000,  18.00000,
,,,-00.003708000000,  17.60000,
,,,-00.003704000000,  17.20000,
,,,-00.003700000000,  17.20000,
,,,-00.003696000000,  16.80000,
,,,-00.003692000000,  16.80000,
,,,-00.003688000000,  16.40000,
,,,-00.003684000000,  16.00000,
,,,-00.003680000000,  15.60000,
,,,-00.003676000000,  15.60000,
,,,-00.003672000000,  15.20000,
,,,-00.003668000000,  14.80000,
,,,-00.003664000000,  14.40000,
,,,-00.003660000000,  14.40000,
,,,-00.003656000000,  14.40000,
,,,-00.003652000000,  13.20000,
,,,-00.003648000000,  13.20000,
,,,-00.003644000000,  12.80000,
,,,-00.003640000000,  12.40000,
,,,-00.003636000000,  12.40000,
,,,-00.003632000000,  12.00000,
,,,-00.003628000000,  11.20000,
,,,-00.003624000000,  11.20000,
,,,-00.003620000000,  10.80000,
,,,-00.003616000000,  10.80000,
,,,-00.003612000000,  10.00000,
,,,-00.003608000000,   9.60000,
,,,-00.003604000000,   9.20000,
,,,-00.003600000000,   8.80000,
,,,-00.003596000000,   8.00000,
,,,-00.003592000000,   8.00000,
,,,-00.003588000000,   7.60000,
,,,-00.003584000000,   6.80000,
,,,-00.003580000000,   6.40000,
,,,-00.003576000000,   6.00000,
,,,-00.003572000000,   6.00000,
,,,-00.003568000000,   5.60000,
,,,-00.003564000000,   4.80000,
,,,-00.003560000000,   4.40000,
,,,-00.003556000000,   4.00000,
,,,-00.003552000000,   3.60000,
,,,-00.003548000000,   3.20000,
,,,-00.003544000000,   2.40000,
,,,-00.003540000000,   2.00000,
,,,-00.003536000000,   2.00000,
,,,-00.003532000000,   1.20000,
,,,-00.003528000000,   1.20000,
,,,-00.003524000000,   0.40000,
,,,-00.003520000000,   0.00000,
,,,-00.003516000000,  -0.40000,
,,,-00.003512000000,  -0.80000,
,,,-00.003508000000,  -1.20000,
,,,-00.003504000000,  -1.60000,
,,,-00.003500000000,  -2.00000,
,,,-00.003496000000,  -2.40000,
,,,-00.003492000000,  -3.20000,
,,,-00.003488000000,  -3.20000,
,,,-00.003484000000,  -4.00000,
,,,-00.003480000000,  -4.40000,
,,,-00.003476000000,  -5.20000,
,,,-00.003472000000,  -5.20000,
,,,-00.003468000000,  -5.60000,
,,,-00.003464000000,  -6.00000,
,,,-00.003460000000,  -6.80000,
,,,-00.003456000000,  -6.80000,
,,,-00.003452000000,  -7.20000,
,,,-00.003448000000,  -8.00000,
,,,-00.003444000000,  -8.40000,
,,,-00.003440000000,  -8.80000,
,,,-00.003436000000,  -8.80000,
,,,-00.003432000000,  -9.60000,
,,,-00.003428000000, -10.00000,
,,,-00.003424000000, -10.40000,
,,,-00.003420000000, -11.20000,
,,,-00.003416000000, -11.20000,
,,,-00.003412000000, -11.60000,
,,,-00.003408000000, -12.00000,
,,,-00.003404000000, -12.40000,
,,,-00.003400000000, -12.80000,
,,,-00.003396000000, -13.20000,
,,,-00.003392000000, -13.60000,
,,,-00.003388000000, -14.00000,
,,,-00.003384000000, -14.40000,
,,,-00.003380000000, -14.80000,
,,,-00.003376000000, -14.80000,
,,,-00.003372000000, -15.60000,
,,,-00.003368000000, -15.60000,
,,,-00.003364000000, -16.00000,
,,,-00.003360000000, -16.40000,
,,,-00.003356000000, -16.80000,
,,,-00.003352000000, -16.80000,
,,,-00.003348000000, -17.20000,
,,,-00.003344000000, -17.60000,
,,,-00.003340000000, -18.00000,
,,,-00.003336000000, -18.40000,
,,,-00.003332000000, -18.40000,
,,,-00.003328000000, -18.80000,
,,,-00.003324000000, -18.80000,
,,,-00.003320000000, -19.20000,
,,,-00.003316000000, -19.60000,
,,,-00.003312000000, -19.60000,
,,,-00.003308000000, -20.40000,
,,,-00.003304000000, -20.40000,
,,,-00.003300000000, -20.40000,
,,,-00.003296000000, -20.80000,
,,,-00.003292000000, -20.80000,
,,,-00.003288000000, -21.20000,
,,,-00.003284000000, -21.20000,
,,,-00.003280000000, -21.20000,
,,,-00.003276000000, -21.60000,
,,,-00.003272000000, -21.60000,
,,,-00.003268000000, -22.00000,
,,,-00.003264000000, -22.00000,
,,,-00.003260000000, -22.40000,
,,,-00.003256000000, -22.80000,
,,,-00.003252000000, -22.80000,
,,,-00.003248000000, -22.80000,
,,,-00.003244000000, -23.20000,
,,,-00.003240000000, -23.20000,
,,,-00.003236000000, -23.20000,
,,,-00.003232000000, -23.60000,
,,,-00.003228000000, -23.60000,
,,,-00.003224000000, -24.00000,
,,,-00.003220000000, -24.40000,
,,,-00.003216000000, -24.00000,
,,,-00.003212000000, -24.00000,
,,,-00.003208000000, -24.40000,
,,,-00.003204000000, -24.40000,
,,,-00.003200000000, -24.80000,
,,,-00.003196000000, -24.40000,
,,,-00.003192000000, -24.80000,
,,,-00.003188000000, -24.80000,
,,,-00.003184000000, -24.80000,
,,,-00.003180000000, -24.80000,
,,,-00.003176000000, -24.80000,
,,,-00.003172000000, -25.20000,
,,,-00.003168000000, -25.20000,
,,,-00.003164000000, -25.20000,
,,,-00.003160000000, -25.20000,
,,,-00.003156000000, -25.20000,
,,,-00.003152000000, -25.20000,
,,,-00.003148000000, -25.60000,
,,,-00.003144000000, -25.60000,
,,,-00.003140000000, -25.60000,
,,,-00.003136000000, -25.60000,
,,,-00.003132000000, -25.60000,
,,,-00.003128000000, -25.60000,
,,,-00.003124000000, -25.60000,
,,,-00.003120000000, -25.60000,
,,,-00.003116000000, -25.60000,
,,,-00.003112000000, -25.60000,
,,,-00.003108000000, -25.60000,
,,,-00.003104000000, -25.60000,
,,,-00.003100000000, -25.60000,
,,,-00.003096000000, -26.00000,
,,,-00.003092000000, -26.00000,
,,,-00.003088000000, -26.00000,
,,,-00.003084000000, -26.00000,
,,,-00.003080000000, -25.60000,
,,,-00.003076000000, -25.20000,
,,,-00.003072000000, -25.60000,
,,,-00.003068000000, -25.20000,
,,,-00.003064000000, -25.60000,
,,,-00.003060000000, -25.60000,
,,,-00.003056000000, -25.60000,
,,,-00.003052000000, -25.60000,
,,,-00.003048000000, -25.20000,
,,,-00.003044000000, -25.20000,
,,,-00.003040000000, -25.20000,
,,,-00.003036000000, -25.20000,
,,,-00.003032000000, -24.80000,
,,,-00.003028000000, -24.80000,
,,,-00.003024000000, -24.40000,
,,,-00.003020000000, -24.80000,
,,,-00.003016000000, -24.80000,
,,,-00.003012000000, -24.40000,
,,,-00.003008000000, -24.80000,
,,,-00.003004000000, -24.40000,
,,,-00.003000000000, -24.00000,
,,,-00.002996000000, -24.40000,
,,,-00.002992000000, -24.00000,
,,,-00.002988000000, -24.00000,
,,,-00.002984000000, -24.00000,
,,,-00.002980000000, -23.60000,
,,,-00.002976000000, -23.60000,
,,,-00.002972000000, -23.20000,
,,,-00.002968000000, -23.20000,
,,,-00.002964000000, -23.20000,
,,,-00.002960000000, -22.80000,
,,,-00.002956000000, -22.80000,
,,,-00.002952000000, -22.40000,
,,,-00.002948000000, -22.40000,
,,,-00.002944000000, -22.40000,
,,,-00.002940000000, -21.60000,
,,,-00.002936000000, -21.60000,
,,,-00.002932000000, -21.60000,
,,,-00.002928000000, -21.20000,
,,,-00.002924000000, -21.20000,
,,,-00.002920000000, -20.80000,
,,,-00.002916000000, -20.80000,
,,,-00.002912000000, -20.40000,
,,,-00.002908000000, -20.40000,
,,,-00.002904000000, -20.00000,
,,,-00.002900000000, -20.00000,
,,,-00.002896000000, -19.60000,
,,,-00.002892000000, -19.20000,
,,,-00.002888000000, -18.80000,
,,,-00.002884000000, -18.00000,
,,,-00.002880000000, -18.00000,
,,,-00.002876000000, -17.60000,
,,,-00.002872000000, -17.60000,
,,,-00.002868000000, -16.80000,
,,,-00.002864000000, -16.80000,
,,,-00.002860000000, -16.00000,
,,,-00.002856000000, -16.00000,
,,,-00.002852000000, -15.60000,
,,,-00.002848000000, -14.80000,
,,,-00.002844000000, -14.40000,
,,,-00.002840000000, -14.00000,
,,,-00.002836000000, -14.00000,
,,,-00.002832000000, -13.20000,
,,,-00.002828000000, -12.80000,
,,,-00.002824000000, -12.40000,
,,,-00.002820000000, -12.00000,
,,,-00.002816000000, -11.20000,
,,,-00.002812000000, -10.80000,
,,,-00.002808000000, -10.40000,
,,,-00.002804000000, -10.00000,
,,,-00.002800000000,  -8.80000,
,,,-00.002796000000,  -8.80000,
,,,-00.002792000000,  -8.00000,
,,,-00.002788000000,  -7.60000,
,,,-00.002784000000,  -6.80000,
,,,-00.002780000000,  -6.40000,
,,,-00.002776000000,  -5.60000,
,,,-00.002772000000,  -5.20000,
,,,-00.002768000000,  -4.40000,
,,,-00.002764000000,  -3.60000,
,,,-00.002760000000,  -3.20000,
,,,-00.002756000000,  -2.80000,
,,,-00.002752000000,  -2.00000,
,,,-00.002748000000,  -1.60000,
,,,-00.002744000000,  -0.80000,
,,,-00.002740000000,  -0.40000,
,,,-00.002736000000,   0.80000,
,,,-00.002732000000,   1.60000,
,,,-00.002728000000,   1.60000,
,,,-00.002724000000,   2.80000,
,,,-00.002720000000,   3.20000,
,,,-00.002716000000,   4.00000,
,,,-00.002712000000,   4.80000,
,,,-00.002708000000,   5.20000,
,,,-00.002704000000,   6.00000,
,,,-00.002700000000,   6.40000,
,,,-00.002696000000,   7.20000,
,,,-00.002692000000,   8.00000,
,,,-00.002688000000,   8.80000,
,,,-00.002684000000,   9.60000,
,,,-00.002680000000,  10.00000,
,,,-00.002676000000,  10.80000,
,,,-00.002672000000,  11.60000,
,,,-00.002668000000,  11.60000,
,,,-00.002664000000,  12.80000,
,,,-00.002660000000,  13.60000,
,,,-00.002656000000,  14.00000,
,,,-00.002652000000,  14.40000,
,,,-00.002648000000,  15.20000,
,,,-00.002644000000,  15.60000,
,,,-00.002640000000,  16.40000,
,,,-00.002636000000,  16.80000,
,,,-00.002632000000,  17.60000,
,,,-00.002628000000,  18.00000,
,,,-00.002624000000,  18.40000,
,,,-00.002620000000,  18.80000,
,,,-00.002616000000,  19.60000,
,,,-00.002612000000,  20.00000,
,,,-00.002608000000,  20.40000,
,,,-00.002604000000,  20.80000,
,,,-00.002600000000,  21.20000,
,,,-00.002596000000,  21.60000,
,,,-00.002592000000,  22.00000,
,,,-00.002588000000,  22.40000,
,,,-00.002584000000,  22.40000,
,,,-00.002580000000,  23.20000,
,,,-00.002576000000,  23.20000,
,,,-00.002572000000,  23.60000,
,,,-00.002568000000,  23.60000,
,,,-00.002564000000,  24.00000,
,,,-00.002560000000,  24.40000,
,,,-00.002556000000,  24.40000,
,,,-00.002552000000,  24.80000,
,,,-00.002548000000,  24.80000,
,,,-00.002544000000,  24.80000,
,,,-00.002540000000,  24.80000,
,,,-00.002536000000,  25.20000,
,,,-00.002532000000,  24.80000,
,,,-00.002528000000,  24.80000,
,,,-00.002524000000,  24.80000,
,,,-00.002520000000,  24.80000,
,,,-00.002516000000,  24.40000,
,,,-00.002512000000,  24.40000,
,,,-00.002508000000,  24.40000,
,,,-00.002504000000,  24.00000,
,,,-00.002500000000,  24.00000,
,,,-00.002496000000,  23.60000,
,,,-00.002492000000,  23.60000,
,,,-00.002488000000,  23.20000,
,,,-00.002484000000,  22.80000,
,,,-00.002480000000,  22.40000,
,,,-00.002476000000,  22.40000,
,,,-00.002472000000,  21.60000,
,,,-00.002468000000,  21.60000,
,,,-00.002464000000,  20.80000,
,,,-00.002460000000,  20.40000,
,,,-00.002456000000,  20.00000,
,,,-00.002452000000,  19.20000,
,,,-00.002448000000,  18.80000,
,,,-00.002444000000,  18.40000,
,,,-00.002440000000,  18.00000,
,,,-00.002436000000,  17.20000,
,,,-00.002432000000,  16.40000,
,,,-00.002428000000,  16.00000,
,,,-00.002424000000,  15.20000,
,,,-00.002420000000,  14.80000,
,,,-00.002416000000,  14.00000,
,,,-00.002412000000,  13.20000,
,,,-00.002408000000,  12.80000,
,,,-00.002404000000,  12.00000,
,,,-00.002400000000,  11.20000,
,,,-00.002396000000,  10.40000,
,,,-00.002392000000,   9.60000,
,,,-00.002388000000,   9.20000,
,,,-00.002384000000,   8.00000,
,,,-00.002380000000,   7.20000,
,,,-00.002376000000,   6.80000,
,,,-00.002372000000,   6.00000,
,,,-00.002368000000,   5.20000,
,,,-00.002364000000,   4.40000,
,,,-00.002360000000,   3.20000,
,,,-00.002356000000,   2.80000,
,,,-00.002352000000,   2.00000,
,,,-00.002348000000,   1.20000,
,,,-00.002344000000,   0.40000,
,,,-00.002340000000,  -0.40000,
,,,-00.002336000000,  -1.20000,
,,,-00.002332000000,  -2.00000,
,,,-00.002328000000,  -2.80000,
,,,-00.002324000000,  -3.60000,
,,,-00.002320000000,  -4.00000,
,,,-00.002316000000,  -5.20000,
,,,-00.002312000000,  -5.60000,
,,,-00.002308000000,  -6.80000,
,,,-00.002304000000,  -7.60000,
,,,-00.002300000000,  -8.40000,
,,,-00.002296000000,  -8.80000,
,,,-00.002292000000,  -9.60000,
,,,-00.002288000000, -10.40000,
,,,-00.002284000000, -11.20000,
,,,-00.002280000000, -11.60000,
,,,-00.002276000000, -12.40000,
,,,-00.002272000000, -13.20000,
,,,-00.002268000000, -13.60000,
,,,-00.002264000000, -14.40000,
,,,-00.002260000000, -14.80000,
,,,-00.002256000000, -15.60000,
,,,-00.002252000000, -16.00000,
,,,-00.002248000000, -16.80000,
,,,-00.002244000000, -17.60000,
,,,-00.002240000000, -17.60000,
,,,-00.002236000000, -18.40000,
,,,-00.002232000000, -18.80000,
,,,-00.002228000000, -19.60000,
,,,-00.002224000000, -20.00000,
,,,-00.002220000000, -20.40000,
,,,-00.002216000000, -20.80000,
,,,-00.002212000000, -21.20000,
,,,-00.002208000000, -21.60000,
,,,-00.002204000000, -22.40000,
,,,-00.002200000000, -22.40000,
,,,-00.002196000000, -22.80000,
,,,-00.002192000000, -23.20000,
,,,-00.002188000000, -23.20000,
,,,-00.002184000000, -24.00000,
,,,-00.002180000000, -24.00000,
,,,-00.002176000000, -24.40000,
,,,-00.002172000000, -24.80000,
,,,-00.002168000000, -25.20000,
,,,-00.002164000000, -25.20000,
,,,-00.002160000000, -25.60000,
,,,-00.002156000000, -25.60000,
,,,-00.002152000000, -26.00000,
,,,-00.002148000000, -26.00000,
,,,-00.002144000000, -26.40000,
,,,-00.002140000000, -26.40000,
,,,-00.002136000000, -26.80000,
,,,-00.002132000000, -26.80000,
,,,-00.002128000000, -27.20000,
,,,-00.002124000000, -27.20000,
,,,-00.002120000000, -27.60000,
,,,-00.002116000000, -27.20000,
,,,-00.002112000000, -27.60000,
,,,-00.002108000000, -27.60000,
,,,-00.002104000000, -27.60000,
,,,-00.002100000000, -27.60000,
,,,-00.002096000000, -28.00000,
,,,-00.002092000000, -28.00000,
,,,-00.002088000000, -28.00000,
,,,-00.002084000000, -28.00000,
,,,-00.002080000000, -28.00000,
,,,-00.002076000000, -28.00000,
,,,-00.002072000000, -28.40000,
,,,-00.002068000000, -28.00000,
,,,-00.002064000000, -28.40000,
,,,-00.002060000000, -28.00000,
,,,-00.002056000000, -28.00000,
,,,-00.002052000000, -28.40000,
,,,-00.002048000000, -28.40000,
,,,-00.002044000000, -28.40000,
,,,-00.002040000000, -28.40000,
,,,-00.002036000000, -28.40000,
,,,-00.002032000000, -28.40000,
,,,-00.002028000000, -28.00000,
,,,-00.002024000000, -27.60000,
,,,-00.002020000000, -28.00000,
,,,-00.002016000000, -28.00000,
,,,-00.002012000000, -28.00000,
,,,-00.002008000000, -27.60000,
,,,-00.002004000000, -28.00000,
,,,-00.002000000000, -28.00000,
,,,-00.001996000000, -28.00000,
,,,-00.001992000000, -28.00000,
,,,-00.001988000000, -28.00000,
,,,-00.001984000000, -28.00000,
,,,-00.001980000000, -27.60000,
,,,-00.001976000000, -27.60000,
,,,-00.001972000000, -27.60000,
,,,-00.001968000000, -27.60000,
,,,-00.001964000000, -27.60000,
,,,-00.001960000000, -27.60000,
,,,-00.001956000000, -27.60000,
,,,-00.001952000000, -27.60000,
,,,-00.001948000000, -27.60000,
,,,-00.001944000000, -27.20000,
,,,-00.001940000000, -27.60000,
,,,-00.001936000000, -27.60000,
,,,-00.001932000000, -27.20000,
,,,-00.001928000000, -27.20000,
,,,-00.001924000000, -27.60000,
,,,-00.001920000000, -27.60000,
,,,-00.001916000000, -27.60000,
,,,-00.001912000000, -27.60000,
,,,-00.001908000000, -27.60000,
,,,-00.001904000000, -27.60000,
,,,-00.001900000000, -27.60000,
,,,-00.001896000000, -27.20000,
,,,-00.001892000000, -27.20000,
,,,-00.001888000000, -27.20000,
,,,-00.001884000000, -27.20000,
,,,-00.001880000000, -27.60000,
,,,-00.001876000000, -27.60000,
,,,-00.001872000000, -27.60000,
,,,-00.001868000000, -27.60000,
,,,-00.001864000000, -27.60000,
,,,-00.001860000000, -27.60000,
,,,-00.001856000000, -27.20000,
,,,-00.001852000000, -27.60000,
,,,-00.001848000000, -27.60000,
,,,-00.001844000000, -27.60000,
,,,-00.001840000000, -27.60000,
,,,-00.001836000000, -27.60000,
,,,-00.001832000000, -27.60000,
,,,-00.001828000000, -27.60000,
,,,-00.001824000000, -27.60000,
,,,-00.001820000000, -27.60000,
,,,-00.001816000000, -27.60000,
,,,-00.001812000000, -27.60000,
,,,-00.001808000000, -27.60000,
,,,-00.001804000000, -27.60000,
,,,-00.001800000000, -27.60000,
,,,-00.001796000000, -28.00000,
,,,-00.001792000000, -28.00000,
,,,-00.001788000000, -28.00000,
,,,-00.001784000000, -27.60000,
,,,-00.001780000000, -27.60000,
,,,-00.001776000000, -27.60000,
,,,-00.001772000000, -27.60000,
,,,-00.001768000000, -27.60000,
,,,-00.001764000000, -27.60000,
,,,-00.001760000000, -27.60000,
,,,-00.001756000000, -27.60000,
,,,-00.001752000000, -27.60000,
,,,-00.001748000000, -27.60000,
,,,-00.001744000000, -27.60000,
,,,-00.001740000000, -27.60000,
,,,-00.001736000000, -27.60000,
,,,-00.001732000000, -27.60000,
,,,-00.001728000000, -27.60000,
,,,-00.001724000000, -27.60000,
,,,-00.001720000000, -27.60000,
,,,-00.001716000000, -27.60000,
,,,-00.001712000000, -27.20000,
,,,-00.001708000000, -27.20000,
,,,-00.001704000000, -27.20000,
,,,-00.001700000000, -26.80000,
,,,-00.001696000000, -26.80000,
,,,-00.001692000000, -26.80000,
,,,-00.001688000000, -26.40000,
,,,-00.001684000000, -26.40000,
,,,-00.001680000000, -26.00000,
,,,-00.001676000000, -26.00000,
,,,-00.001672000000, -25.60000,
,,,-00.001668000000, -25.60000,
,,,-00.001664000000, -25.60000,
,,,-00.001660000000, -24.80000,
,,,-00.001656000000, -24.80000,
,,,-00.001652000000, -24.40000,
,,,-00.001648000000, -24.00000,
,,,-00.001644000000, -24.00000,
,,,-00.001640000000, -23.60000,
,,,-00.001636000000, -23.20000,
,,,-00.001632000000, -22.80000,
,,,-00.001628000000, -22.40000,
,,,-00.001624000000, -22.40000,
,,,-00.001620000000, -21.60000,
,,,-00.001616000000, -21.60000,
,,,-00.001612000000, -20.80000,
,,,-00.001608000000, -20.40000,
,,,-00.001604000000, -20.00000,
,,,-00.001600000000, -19.60000,
,,,-00.001596000000, -18.80000,
,,,-00.001592000000, -18.80000,
,,,-00.001588000000, -18.00000,
,,,-00.001584000000, -17.60000,
,,,-00.001580000000, -17.20000,
,,,-00.001576000000, -16.40000,
,,,-00.001572000000, -16.00000,
,,,-00.001568000000, -15.20000,
,,,-00.001564000000, -14.40000,
,,,-00.001560000000, -14.00000,
,,,-00.001556000000, -13.60000,
,,,-00.001552000000, -12.40000,
,,,-00.001548000000, -12.00000,
,,,-00.001544000000, -11.20000,
,,,-00.001540000000, -10.40000,
,,,-00.001536000000,  -9.60000,
,,,-00.001532000000,  -9.20000,
,,,-00.001528000000,  -8.40000,
,,,-00.001524000000,  -7.20000,
,,,-00.001520000000,  -6.40000,
,,,-00.001516000000,  -5.60000,
,,,-00.001512000000,  -4.80000,
,,,-00.001508000000,  -4.40000,
,,,-00.001504000000,  -3.20000,
,,,-00.001500000000,  -2.80000,
,,,-00.001496000000,  -1.60000,
,,,-00.001492000000,  -0.80000,
,,,-00.001488000000,  -0.40000,
,,,-00.001484000000,   0.80000,
,,,-00.001480000000,   1.60000,
,,,-00.001476000000,   2.40000,
,,,-00.001472000000,   3.20000,
,,,-00.001468000000,   4.40000,
,,,-00.001464000000,   5.20000,
,,,-00.001460000000,   6.00000,
,,,-00.001456000000,   6.40000,
,,,-00.001452000000,   7.20000,
,,,-00.001448000000,   8.80000,
,,,-00.001444000000,   9.20000,
,,,-00.001440000000,  10.00000,
,,,-00.001436000000,  10.80000,
,,,-00.001432000000,  11.60000,
,,,-00.001428000000,  12.40000,
,,,-00.001424000000,  13.20000,
,,,-00.001420000000,  14.00000,
,,,-00.001416000000,  14.80000,
,,,-00.001412000000,  15.20000,
,,,-00.001408000000,  16.40000,
,,,-00.001404000000,  16.80000,
,,,-00.001400000000,  17.60000,
,,,-00.001396000000,  18.40000,
,,,-00.001392000000,  18.80000,
,,,-00.001388000000,  19.60000,
,,,-00.001384000000,  20.00000,
,,,-00.001380000000,  20.80000,
,,,-00.001376000000,  21.20000,
,,,-00.001372000000,  21.60000,
,,,-00.001368000000,  22.00000,
,,,-00.001364000000,  22.40000,
,,,-00.001360000000,  22.80000,
,,,-00.001356000000,  23.20000,
,,,-00.001352000000,  23.60000,
,,,-00.001348000000,  24.00000,
,,,-00.001344000000,  24.40000,
,,,-00.001340000000,  24.40000,
,,,-00.001336000000,  24.80000,
,,,-00.001332000000,  24.80000,
,,,-00.001328000000,  25.20000,
,,,-00.001324000000,  25.20000,
,,,-00.001320000000,  25.20000,
,,,-00.001316000000,  25.20000,
,,,-00.001312000000,  25.20000,
,,,-00.001308000000,  25.20000,
,,,-00.001304000000,  25.20000,
,,,-00.001300000000,  25.20000,
,,,-00.001296000000,  25.20000,
,,,-00.001292000000,  25.20000,
,,,-00.001288000000,  24.80000,
,,,-00.001284000000,  24.40000,
,,,-00.001280000000,  24.00000,
,,,-00.001276000000,  23.60000,
,,,-00.001272000000,  23.60000,
,,,-00.001268000000,  23.20000,
,,,-00.001264000000,  23.20000,
,,,-00.001260000000,  22.40000,
,,,-00.001256000000,  21.60000,
,,,-00.001252000000,  21.60000,
,,,-00.001248000000,  20.80000,
,,,-00.001244000000,  20.40000,
,,,-00.001240000000,  20.00000,
,,,-00.001236000000,  19.20000,
,,,-00.001232000000,  18.80000,
,,,-00.001228000000,  18.00000,
,,,-00.001224000000,  17.20000,
,,,-00.001220000000,  16.80000,
,,,-00.001216000000,  16.00000,
,,,-00.001212000000,  15.20000,
,,,-00.001208000000,  14.40000,
,,,-00.001204000000,  13.60000,
,,,-00.001200000000,  12.80000,
,,,-00.001196000000,  12.40000,
,,,-00.001192000000,  11.20000,
,,,-00.001188000000,  10.40000,
,,,-00.001184000000,   9.60000,
,,,-00.001180000000,   8.80000,
,,,-00.001176000000,   8.00000,
,,,-00.001172000000,   6.80000,
,,,-00.001168000000,   6.00000,
,,,-00.001164000000,   5.20000,
,,,-00.001160000000,   4.00000,
,,,-00.001156000000,   3.20000,
,,,-00.001152000000,   2.80000,
,,,-00.001148000000,   1.60000,
,,,-00.001144000000,   0.80000,
,,,-00.001140000000,   0.00000,
,,,-00.001136000000,  -0.80000,
,,,-00.001132000000,  -2.00000,
,,,-00.001128000000,  -2.80000,
,,,-00.001124000000,  -3.60000,
,,,-00.001120000000,  -4.40000,
,,,-00.001116000000,  -5.60000,
,,,-00.001112000000,  -6.40000,
,,,-00.001108000000,  -6.80000,
,,,-00.001104000000,  -7.60000,
,,,-00.001100000000,  -8.80000,
,,,-00.001096000000,  -9.60000,
,,,-00.001092000000, -10.40000,
,,,-00.001088000000, -10.80000,
,,,-00.001084000000, -12.00000,
,,,-00.001080000000, -12.80000,
,,,-00.001076000000, -13.20000,
,,,-00.001072000000, -14.00000,
,,,-00.001068000000, -14.80000,
,,,-00.001064000000, -15.60000,
,,,-00.001060000000, -16.00000,
,,,-00.001056000000, -16.80000,
,,,-00.001052000000, -17.60000,
,,,-00.001048000000, -18.00000,
,,,-00.001044000000, -18.80000,
,,,-00.001040000000, -19.20000,
,,,-00.001036000000, -19.60000,
,,,-00.001032000000, -20.40000,
,,,-00.001028000000, -20.80000,
,,,-00.001024000000, -21.20000,
,,,-00.001020000000, -21.60000,
,,,-00.001016000000, -22.40000,
,,,-00.001012000000, -22.80000,
,,,-00.001008000000, -23.20000,
,,,-00.001004000000, -23.60000,
,,,-00.001000000000, -24.00000,
,,,-00.000996000000, -24.00000,
,,,-00.000992000000, -24.80000,
,,,-00.000988000000, -24.80000,
,,,-00.000984000000, -25.60000,
,,,-00.000980000000, -25.60000,
,,,-00.000976000000, -26.00000,
,,,-00.000972000000, -26.00000,
,,,-00.000968000000, -26.40000,
,,,-00.000964000000, -26.80000,
,,,-00.000960000000, -26.80000,
,,,-00.000956000000, -27.20000,
,,,-00.000952000000, -27.60000,
,,,-00.000948000000, -27.60000,
,,,-00.000944000000, -27.60000,
,,,-00.000940000000, -27.60000,
,,,-00.000936000000, -28.00000,
,,,-00.000932000000, -28.40000,
,,,-00.000928000000, -28.40000,
,,,-00.000924000000, -28.40000,
,,,-00.000920000000, -28.40000,
,,,-00.000916000000, -28.40000,
,,,-00.000912000000, -28.80000,
,,,-00.000908000000, -28.80000,
,,,-00.000904000000, -28.40000,
,,,-00.000900000000, -28.80000,
,,,-00.000896000000, -28.80000,
,,,-00.000892000000, -28.80000,
,,,-00.000888000000, -28.40000,
,,,-00.000884000000, -28.80000,
,,,-00.000880000000, -28.40000,
,,,-00.000876000000, -28.40000,
,,,-00.000872000000, -28.80000,
,,,-00.000868000000, -28.80000,
,,,-00.000864000000, -28.40000,
,,,-00.000860000000, -28.40000,
,,,-00.000856000000, -28.40000,
,,,-00.000852000000, -28.40000,
,,,-00.000848000000, -28.40000,
,,,-00.000844000000, -28.40000,
,,,-00.000840000000, -28.00000,
,,,-00.000836000000, -28.40000,
,,,-00.000832000000, -28.00000,
,,,-00.000828000000, -27.60000,
,,,-00.000824000000, -27.60000,
,,,-00.000820000000, -27.60000,
,,,-00.000816000000, -27.60000,
,,,-00.000812000000, -27.60000,
,,,-00.000808000000, -27.20000,
,,,-00.000804000000, -27.20000,
,,,-00.000800000000, -27.60000,
,,,-00.000796000000, -27.20000,
,,,-00.000792000000, -27.20000,
,,,-00.000788000000, -27.20000,
,,,-00.000784000000, -27.20000,
,,,-00.000780000000, -27.20000,
,,,-00.000776000000, -26.80000,
,,,-00.000772000000, -26.40000,
,,,-00.000768000000, -26.80000,
,,,-00.000764000000, -26.80000,
,,,-00.000760000000, -26.40000,
,,,-00.000756000000, -26.40000,
,,,-00.000752000000, -26.40000,
,,,-00.000748000000, -26.40000,
,,,-00.000744000000, -26.40000,
,,,-00.000740000000, -26.40000,
,,,-00.000736000000, -26.40000,
,,,-00.000732000000, -26.40000,
,,,-00.000728000000, -26.00000,
,,,-00.000724000000, -26.00000,
,,,-00.000720000000, -26.00000,
,,,-00.000716000000, -26.00000,
,,,-00.000712000000, -26.00000,
,,,-00.000708000000, -26.40000,
,,,-00.000704000000, -26.00000,
,,,-00.000700000000, -26.00000,
,,,-00.000696000000, -25.60000,
,,,-00.000692000000, -25.60000,
,,,-00.000688000000, -25.60000,
,,,-00.000684000000, -26.00000,
,,,-00.000680000000, -25.60000,
,,,-00.000676000000, -25.60000,
,,,-00.000672000000, -25.60000,
,,,-00.000668000000, -25.60000,
,,,-00.000664000000, -25.60000,
,,,-00.000660000000, -26.00000,
,,,-00.000656000000, -25.60000,
,,,-00.000652000000, -26.00000,
,,,-00.000648000000, -25.60000,
,,,-00.000644000000, -26.00000,
,,,-00.000640000000, -26.00000,
,,,-00.000636000000, -26.00000,
,,,-00.000632000000, -26.00000,
,,,-00.000628000000, -26.00000,
,,,-00.000624000000, -26.40000,
,,,-00.000620000000, -26.40000,
,,,-00.000616000000, -26.40000,
,,,-00.000612000000, -26.00000,
,,,-00.000608000000, -26.40000,
,,,-00.000604000000, -26.40000,
,,,-00.000600000000, -26.80000,
,,,-00.000596000000, -26.40000,
,,,-00.000592000000, -26.40000,
,,,-00.000588000000, -26.80000,
,,,-00.000584000000, -26.40000,
,,,-00.000580000000, -26.80000,
,,,-00.000576000000, -26.80000,
,,,-00.000572000000, -26.80000,
,,,-00.000568000000, -27.20000,
,,,-00.000564000000, -26.80000,
,,,-00.000560000000, -26.80000,
,,,-00.000556000000, -27.20000,
,,,-00.000552000000, -27.20000,
,,,-00.000548000000, -27.20000,
,,,-00.000544000000, -27.20000,
,,,-00.000540000000, -27.60000,
,,,-00.000536000000, -27.60000,
,,,-00.000532000000, -27.60000,
,,,-00.000528000000, -27.60000,
,,,-00.000524000000, -27.60000,
,,,-00.000520000000, -27.60000,
,,,-00.000516000000, -27.60000,
,,,-00.000512000000, -27.60000,
,,,-00.000508000000, -27.60000,
,,,-00.000504000000, -27.60000,
,,,-00.000500000000, -27.60000,
,,,-00.000496000000, -28.00000,
,,,-00.000492000000, -28.00000,
,,,-00.000488000000, -28.40000,
,,,-00.000484000000, -28.00000,
,,,-00.000480000000, -28.00000,
,,,-00.000476000000, -28.00000,
,,,-00.000472000000, -28.00000,
,,,-00.000468000000, -28.00000,
,,,-00.000464000000, -28.00000,
,,,-00.000460000000, -28.00000,
,,,-00.000456000000, -27.60000,
,,,-00.000452000000, -27.60000,
,,,-00.000448000000, -28.00000,
,,,-00.000444000000, -27.60000,
,,,-00.000440000000, -27.60000,
,,,-00.000436000000, -27.60000,
,,,-00.000432000000, -27.60000,
,,,-00.000428000000, -27.60000,
,,,-00.000424000000, -27.20000,
,,,-00.000420000000, -27.20000,
,,,-00.000416000000, -27.20000,
,,,-00.000412000000, -26.80000,
,,,-00.000408000000, -27.20000,
,,,-00.000404000000, -26.80000,
,,,-00.000400000000, -26.40000,
,,,-00.000396000000, -26.40000,
,,,-00.000392000000, -26.00000,
,,,-00.000388000000, -26.00000,
,,,-00.000384000000, -26.00000,
,,,-00.000380000000, -25.60000,
,,,-00.000376000000, -24.80000,
,,,-00.000372000000, -24.80000,
,,,-00.000368000000, -24.80000,
,,,-00.000364000000, -24.40000,
,,,-00.000360000000, -24.00000,
,,,-00.000356000000, -23.60000,
,,,-00.000352000000, -23.20000,
,,,-00.000348000000, -23.20000,
,,,-00.000344000000, -22.80000,
,,,-00.000340000000, -22.40000,
,,,-00.000336000000, -22.00000,
,,,-00.000332000000, -21.60000,
,,,-00.000328000000, -21.20000,
,,,-00.000324000000, -20.80000,
,,,-00.000320000000, -20.40000,
,,,-00.000316000000, -20.00000,
,,,-00.000312000000, -19.60000,
,,,-00.000308000000, -18.80000,
,,,-00.000304000000, -18.40000,
,,,-00.000300000000, -18.00000,
,,,-00.000296000000, -17.60000,
,,,-00.000292000000, -16.80000,
,,,-00.000288000000, -16.40000,
,,,-00.000284000000, -16.00000,
,,,-00.000280000000, -15.20000,
,,,-00.000276000000, -14.40000,
,,,-00.000272000000, -14.00000,
,,,-00.000268000000, -13.60000,
,,,-00.000264000000, -12.80000,
,,,-00.000260000000, -12.00000,
,,,-00.000256000000, -11.60000,
,,,-00.000252000000, -10.80000,
,,,-00.000248000000, -10.40000,
,,,-00.000244000000,  -9.60000,
,,,-00.000240000000,  -8.80000,
,,,-00.000236000000,  -8.00000,
,,,-00.000232000000,  -7.60000,
,,,-00.000228000000,  -6.80000,
,,,-00.000224000000,  -6.40000,
,,,-00.000220000000,  -5.60000,
,,,-00.000216000000,  -4.80000,
,,,-00.000212000000,  -3.60000,
,,,-00.000208000000,  -3.20000,
,,,-00.000204000000,  -2.40000,
,,,-00.000200000000,  -1.60000,
,,,-00.000196000000,  -1.20000,
,,,-00.000192000000,  -0.40000,
,,,-00.000188000000,   0.40000,
,,,-00.000184000000,   0.80000,
,,,-00.000180000000,   1.60000,
,,,-00.000176000000,   2.40000,
,,,-00.000172000000,   3.20000,
,,,-00.000168000000,   4.00000,
,,,-00.000164000000,   4.40000,
,,,-00.000160000000,   5.20000,
,,,-00.000156000000,   6.00000,
,,,-00.000152000000,   6.80000,
,,,-00.000148000000,   7.20000,
,,,-00.000144000000,   8.00000,
,,,-00.000140000000,   8.80000,
,,,-00.000136000000,   9.60000,
,,,-00.000132000000,  10.40000,
,,,-00.000128000000,  10.40000,
,,,-00.000124000000,  12.00000,
,,,-00.000120000000,  12.00000,
,,,-00.000116000000,  12.80000,
,,,-00.000112000000,  13.20000,
,,,-00.000108000000,  14.00000,
,,,-00.000104000000,  14.80000,
,,,-00.000100000000,  15.20000,
,,,-00.000096000000,  16.00000,
,,,-00.000092000000,  16.40000,
,,,-00.000088000000,  16.80000,
,,,-00.000084000000,  17.60000,
,,,-00.000080000000,  17.60000,
,,,-00.000076000000,  18.40000,
,,,-00.000072000000,  18.80000,
,,,-00.000068000000,  19.60000,
,,,-00.000064000000,  20.00000,
,,,-00.000060000000,  20.40000,
,,,-00.000056000000,  20.80000,
,,,-00.000052000000,  21.20000,
,,,-00.000048000000,  21.60000,
,,,-00.000044000000,  21.60000,
,,,-00.000040000000,  22.00000,
,,,-00.000036000000,  22.40000,
,,,-00.000032000000,  23.20000,
,,,-00.000028000000,  23.20000,
,,,-00.000024000000,  23.60000,
,,,-00.000020000000,  23.60000,
,,,-00.000016000000,  24.40000,
,,,-00.000012000000,  24.40000,
,,,-00.000008000000,  24.40000,
,,,-00.000004000000,  24.40000,
,,,-00.000000000000,  24.80000,
,,,00.000004000000,  24.80000,
,,,00.000008000000,  25.20000,
,,,00.000012000000,  25.20000,
,,,00.000016000000,  25.60000,
,,,00.000020000000,  25.60000,
,,,00.000024000000,  26.00000,
,,,00.000028000000,  26.00000,
,,,00.000032000000,  25.60000,
,,,00.000036000000,  26.00000,
,,,00.000040000000,  26.00000,
,,,00.000044000000,  25.60000,
,,,00.000048000000,  26.00000,
,,,00.000052000000,  25.60000,
,,,00.000056000000,  26.00000,
,,,00.000060000000,  25.60000,
,,,00.000064000000,  26.00000,
,,,00.000068000000,  26.00000,
,,,00.000072000000,  25.60000,
,,,00.000076000000,  25.60000,
,,,00.000080000000,  25.20000,
,,,00.000084000000,  25.60000,
,,,00.000088000000,  25.20000,
,,,00.000092000000,  25.20000,
,,,00.000096000000,  24.80000,
,,,00.000100000000,  24.80000,
,,,00.000104000000,  24.40000,
,,,00.000108000000,  24.40000,
,,,00.000112000000,  24.00000,
,,,00.000116000000,  24.00000,
,,,00.000120000000,  23.60000,
,,,00.000124000000,  23.60000,
,,,00.000128000000,  23.60000,
,,,00.000132000000,  23.20000,
,,,00.000136000000,  22.80000,
,,,00.000140000000,  22.80000,
,,,00.000144000000,  22.40000,
,,,00.000148000000,  22.40000,
,,,00.000152000000,  22.00000,
,,,00.000156000000,  21.60000,
,,,00.000160000000,  21.20000,
,,,00.000164000000,  21.20000,
,,,00.000168000000,  20.80000,
,,,00.000172000000,  20.40000,
,,,00.000176000000,  20.00000,
,,,00.000180000000,  19.60000,
,,,00.000184000000,  19.60000,
,,,00.000188000000,  19.60000,
,,,00.000192000000,  18.80000,
,,,00.000196000000,  18.40000,
,,,00.000200000000,  18.80000,
,,,00.000204000000,  18.00000,
,,,00.000208000000,  18.00000,
,,,00.000212000000,  17.20000,
,,,00.000216000000,  17.20000,
,,,00.000220000000,  16.80000,
,,,00.000224000000,  16.40000,
,,,00.000228000000,  16.40000,
,,,00.000232000000,  16.00000,
,,,00.000236000000,  16.00000,
,,,00.000240000000,  15.60000,
,,,00.000244000000,  15.20000,
,,,00.000248000000,  14.80000,
,,,00.000252000000,  14.40000,
,,,00.000256000000,  14.40000,
,,,00.000260000000,  14.00000,
,,,00.000264000000,  13.60000,
,,,00.000268000000,  13.20000,
,,,00.000272000000,  13.20000,
,,,00.000276000000,  13.20000,
,,,00.000280000000,  12.40000,
,,,00.000284000000,  12.40000,
,,,00.000288000000,  12.00000,
,,,00.000292000000,  11.60000,
,,,00.000296000000,  11.60000,
,,,00.000300000000,  11.20000,
,,,00.000304000000,  10.80000,
,,,00.000308000000,  10.80000,
,,,00.000312000000,  10.40000,
,,,00.000316000000,  10.00000,
,,,00.000320000000,  10.00000,
,,,00.000324000000,   9.60000,
,,,00.000328000000,   9.60000,
,,,00.000332000000,   9.20000,
,,,00.000336000000,   9.20000,
,,,00.000340000000,   8.80000,
,,,00.000344000000,   8.80000,
,,,00.000348000000,   8.40000,
,,,00.000352000000,   8.40000,
,,,00.000356000000,   8.00000,
,,,00.000360000000,   8.00000,
,,,00.000364000000,   8.00000,
,,,00.000368000000,   7.60000,
,,,00.000372000000,   7.60000,
,,,00.000376000000,   7.20000,
,,,00.000380000000,   7.20000,
,,,00.000384000000,   6.80000,
,,,00.000388000000,   6.80000,
,,,00.000392000000,   6.80000,
,,,00.000396000000,   6.40000,
,,,00.000400000000,   6.40000,
,,,00.000404000000,   6.40000,
,,,00.000408000000,   6.40000,
,,,00.000412000000,   6.00000,
,,,00.000416000000,   6.00000,
,,,00.000420000000,   6.00000,
,,,00.000424000000,   6.00000,
,,,00.000428000000,   5.60000,
,,,00.000432000000,   5.20000,
,,,00.000436000000,   5.20000,
,,,00.000440000000,   5.20000,
,,,00.000444000000,   5.60000,
,,,00.000448000000,   5.20000,
,,,00.000452000000,   5.20000,
,,,00.000456000000,   5.20000,
,,,00.000460000000,   5.20000,
,,,00.000464000000,   5.20000,
,,,00.000468000000,   5.20000,
,,,00.000472000000,   4.80000,
,,,00.000476000000,   4.80000,
,,,00.000480000000,   5.20000,
,,,00.000484000000,   5.20000,
,,,00.000488000000,   5.20000,
,,,00.000492000000,   5.20000,
,,,00.000496000000,   5.20000,
,,,00.000500000000,   5.20000,
,,,00.000504000000,   5.20000,
,,,00.000508000000,   5.20000,
,,,00.000512000000,   5.20000,
,,,00.000516000000,   5.20000,
,,,00.000520000000,   5.20000,
,,,00.000524000000,   5.20000,
,,,00.000528000000,   5.20000,
,,,00.000532000000,   5.20000,
,,,00.000536000000,   5.60000,
,,,00.000540000000,   5.60000,
,,,00.000544000000,   5.60000,
,,,00.000548000000,   5.60000,
,,,00.000552000000,   5.60000,
,,,00.000556000000,   6.00000,
,,,00.000560000000,   6.00000,
,,,00.000564000000,   6.00000,
,,,00.000568000000,   6.00000,
,,,00.000572000000,   6.40000,
,,,00.000576000000,   6.40000,
,,,00.000580000000,   6.40000,
,,,00.000584000000,   6.40000,
,,,00.000588000000,   6.40000,
,,,00.000592000000,   6.80000,
,,,00.000596000000,   6.80000,
,,,00.000600000000,   6.80000,
,,,00.000604000000,   7.20000,
,,,00.000608000000,   7.20000,
,,,00.000612000000,   7.20000,
,,,00.000616000000,   7.60000,
,,,00.000620000000,   7.60000,
,,,00.000624000000,   8.00000,
,,,00.000628000000,   8.00000,
,,,00.000632000000,   8.00000,
,,,00.000636000000,   8.40000,
,,,00.000640000000,   8.40000,
,,,00.000644000000,   8.80000,
,,,00.000648000000,   8.80000,
,,,00.000652000000,   8.80000,
,,,00.000656000000,   9.20000,
,,,00.000660000000,   9.60000,
,,,00.000664000000,   9.60000,
,,,00.000668000000,   9.60000,
,,,00.000672000000,  10.00000,
,,,00.000676000000,  10.00000,
,,,00.000680000000,  10.00000,
,,,00.000684000000,  10.80000,
,,,00.000688000000,  10.80000,
,,,00.000692000000,  10.80000,
,,,00.000696000000,  11.20000,
,,,00.000700000000,  11.20000,
,,,00.000704000000,  11.60000,
,,,00.000708000000,  12.00000,
,,,00.000712000000,  12.00000,
,,,00.000716000000,  12.00000,
,,,00.000720000000,  12.40000,
,,,00.000724000000,  12.40000,
,,,00.000728000000,  12.80000,
,,,00.000732000000,  13.20000,
,,,00.000736000000,  13.20000,
,,,00.000740000000,  13.20000,
,,,00.000744000000,  13.60000,
,,,00.000748000000,  13.60000,
,,,00.000752000000,  14.40000,
,,,00.000756000000,  14.40000,
,,,00.000760000000,  14.80000,
,,,00.000764000000,  15.20000,
,,,00.000768000000,  15.20000,
,,,00.000772000000,  15.20000,
,,,00.000776000000,  15.60000,
,,,00.000780000000,  15.60000,
,,,00.000784000000,  16.00000,
,,,00.000788000000,  16.00000,
,,,00.000792000000,  16.40000,
,,,00.000796000000,  16.40000,
,,,00.000800000000,  16.80000,
,,,00.000804000000,  16.80000,
,,,00.000808000000,  17.20000,
,,,00.000812000000,  17.20000,
,,,00.000816000000,  17.60000,
,,,00.000820000000,  17.60000,
,,,00.000824000000,  18.00000,
,,,00.000828000000,  18.00000,
,,,00.000832000000,  18.40000,
,,,00.000836000000,  18.80000,
,,,00.000840000000,  18.80000,
,,,00.000844000000,  19.20000,
,,,00.000848000000,  19.20000,
,,,00.000852000000,  19.60000,
,,,00.000856000000,  19.60000,
,,,00.000860000000,  19.60000,
,,,00.000864000000,  20.00000,
,,,00.000868000000,  20.40000,
,,,00.000872000000,  20.40000,
,,,00.000876000000,  20.80000,
,,,00.000880000000,  20.80000,
,,,00.000884000000,  20.80000,
,,,00.000888000000,  21.20000,
,,,00.000892000000,  21.60000,
,,,00.000896000000,  21.20000,
,,,00.000900000000,  21.20000,
,,,00.000904000000,  21.60000,
,,,00.000908000000,  22.00000,
,,,00.000912000000,  22.00000,
,,,00.000916000000,  22.40000,
,,,00.000920000000,  22.00000,
,,,00.000924000000,  22.40000,
,,,00.000928000000,  22.40000,
,,,00.000932000000,  22.80000,
,,,00.000936000000,  22.80000,
,,,00.000940000000,  22.80000,
,,,00.000944000000,  23.20000,
,,,00.000948000000,  23.20000,
,,,00.000952000000,  23.60000,
,,,00.000956000000,  23.60000,
,,,00.000960000000,  23.60000,
,,,00.000964000000,  23.60000,
,,,00.000968000000,  23.60000,
,,,00.000972000000,  24.00000,
,,,00.000976000000,  24.00000,
,,,00.000980000000,  24.00000,
,,,00.000984000000,  24.00000,
,,,00.000988000000,  24.40000,
,,,00.000992000000,  24.40000,
,,,00.000996000000,  24.40000,
,,,00.001000000000,  24.40000,
,,,00.001004000000,  24.80000,
,,,00.001008000000,  24.40000,
,,,00.001012000000,  24.80000,
,,,00.001016000000,  24.80000,
,,,00.001020000000,  24.40000,
,,,00.001024000000,  24.80000,
,,,00.001028000000,  24.80000,
,,,00.001032000000,  25.20000,
,,,00.001036000000,  25.20000,
,,,00.001040000000,  24.80000,
,,,00.001044000000,  24.80000,
,,,00.001048000000,  24.80000,
,,,00.001052000000,  25.20000,
,,,00.001056000000,  25.20000,
,,,00.001060000000,  25.20000,
,,,00.001064000000,  25.20000,
,,,00.001068000000,  25.20000,
,,,00.001072000000,  25.20000,
,,,00.001076000000,  25.20000,
,,,00.001080000000,  25.20000,
,,,00.001084000000,  25.20000,
,,,00.001088000000,  25.20000,
,,,00.001092000000,  25.60000,
,,,00.001096000000,  25.60000,
,,,00.001100000000,  25.20000,
,,,00.001104000000,  25.60000,
,,,00.001108000000,  25.20000,
,,,00.001112000000,  25.60000,
,,,00.001116000000,  25.60000,
,,,00.001120000000,  25.20000,
,,,00.001124000000,  25.60000,
,,,00.001128000000,  25.60000,
,,,00.001132000000,  25.60000,
,,,00.001136000000,  25.60000,
,,,00.001140000000,  25.60000,
,,,00.001144000000,  25.60000,
,,,00.001148000000,  25.60000,
,,,00.001152000000,  25.20000,
,,,00.001156000000,  25.20000,
,,,00.001160000000,  25.60000,
,,,00.001164000000,  25.20000,
,,,00.001168000000,  25.20000,
,,,00.001172000000,  25.20000,
,,,00.001176000000,  25.20000,
,,,00.001180000000,  25.20000,
,,,00.001184000000,  25.20000,
,,,00.001188000000,  25.60000,
,,,00.001192000000,  25.60000,
,,,00.001196000000,  25.60000,
,,,00.001200000000,  25.20000,
,,,00.001204000000,  25.20000,
,,,00.001208000000,  25.20000,
,,,00.001212000000,  25.20000,
,,,00.001216000000,  25.20000,
,,,00.001220000000,  25.20000,
,,,00.001224000000,  25.20000,
,,,00.001228000000,  25.20000,
,,,00.001232000000,  25.20000,
,,,00.001236000000,  25.20000,
,,,00.001240000000,  25.20000,
,,,00.001244000000,  25.20000,
,,,00.001248000000,  25.20000,
,,,00.001252000000,  24.80000,
,,,00.001256000000,  25.20000,
,,,00.001260000000,  25.20000,
,,,00.001264000000,  25.20000,
,,,00.001268000000,  25.20000,
,,,00.001272000000,  25.60000,
,,,00.001276000000,  25.20000,
,,,00.001280000000,  25.20000,
,,,00.001284000000,  25.20000,
,,,00.001288000000,  25.20000,
,,,00.001292000000,  25.20000,
,,,00.001296000000,  25.20000,
,,,00.001300000000,  25.20000,
,,,00.001304000000,  25.20000,
,,,00.001308000000,  25.20000,
,,,00.001312000000,  25.20000,
,,,00.001316000000,  25.20000,
,,,00.001320000000,  25.20000,
,,,00.001324000000,  25.20000,
,,,00.001328000000,  25.20000,
,,,00.001332000000,  25.20000,
,,,00.001336000000,  25.20000,
,,,00.001340000000,  25.20000,
,,,00.001344000000,  25.20000,
,,,00.001348000000,  25.20000,
,,,00.001352000000,  25.20000,
,,,00.001356000000,  24.80000,
,,,00.001360000000,  25.20000,
,,,00.001364000000,  25.20000,
,,,00.001368000000,  25.20000,
,,,00.001372000000,  25.20000,
,,,00.001376000000,  25.20000,
,,,00.001380000000,  25.20000,
,,,00.001384000000,  25.20000,
,,,00.001388000000,  25.20000,
,,,00.001392000000,  25.20000,
,,,00.001396000000,  25.20000,
,,,00.001400000000,  25.20000,
,,,00.001404000000,  25.20000,
,,,00.001408000000,  25.20000,
,,,00.001412000000,  25.20000,
,,,00.001416000000,  25.20000,
,,,00.001420000000,  25.20000,
,,,00.001424000000,  25.20000,
,,,00.001428000000,  25.20000,
,,,00.001432000000,  25.20000,
,,,00.001436000000,  25.20000,
,,,00.001440000000,  24.80000,
,,,00.001444000000,  25.20000,
,,,00.001448000000,  25.20000,
,,,00.001452000000,  25.20000,
,,,00.001456000000,  24.80000,
,,,00.001460000000,  25.20000,
,,,00.001464000000,  24.80000,
,,,00.001468000000,  25.20000,
,,,00.001472000000,  24.80000,
,,,00.001476000000,  24.80000,
,,,00.001480000000,  24.80000,
,,,00.001484000000,  25.20000,
,,,00.001488000000,  24.80000,
,,,00.001492000000,  24.80000,
,,,00.001496000000,  24.40000,
,,,00.001500000000,  24.40000,
,,,00.001504000000,  24.40000,
,,,00.001508000000,  24.40000,
,,,00.001512000000,  24.40000,
,,,00.001516000000,  24.40000,
,,,00.001520000000,  24.40000,
,,,00.001524000000,  24.00000,
,,,00.001528000000,  24.40000,
,,,00.001532000000,  24.00000,
,,,00.001536000000,  24.00000,
,,,00.001540000000,  24.00000,
,,,00.001544000000,  24.00000,
,,,00.001548000000,  23.60000,
,,,00.001552000000,  23.60000,
,,,00.001556000000,  23.60000,
,,,00.001560000000,  23.60000,
,,,00.001564000000,  23.20000,
,,,00.001568000000,  23.20000,
,,,00.001572000000,  23.20000,
,,,00.001576000000,  23.20000,
,,,00.001580000000,  22.80000,
,,,00.001584000000,  23.20000,
,,,00.001588000000,  22.40000,
,,,00.001592000000,  22.80000,
,,,00.001596000000,  22.40000,
,,,00.001600000000,  22.00000,
,,,00.001604000000,  22.00000,
,,,00.001608000000,  21.60000,
,,,00.001612000000,  21.60000,
,,,00.001616000000,  21.60000,
,,,00.001620000000,  21.20000,
,,,00.001624000000,  21.20000,
,,,00.001628000000,  20.80000,
,,,00.001632000000,  20.40000,
,,,00.001636000000,  20.40000,
,,,00.001640000000,  20.40000,
,,,00.001644000000,  20.00000,
,,,00.001648000000,  20.00000,
,,,00.001652000000,  19.60000,
,,,00.001656000000,  19.20000,
,,,00.001660000000,  19.20000,
,,,00.001664000000,  19.20000,
,,,00.001668000000,  18.80000,
,,,00.001672000000,  18.40000,
,,,00.001676000000,  18.40000,
,,,00.001680000000,  18.00000,
,,,00.001684000000,  17.60000,
,,,00.001688000000,  17.20000,
,,,00.001692000000,  17.20000,
,,,00.001696000000,  16.80000,
,,,00.001700000000,  16.40000,
,,,00.001704000000,  16.40000,
,,,00.001708000000,  16.00000,
,,,00.001712000000,  15.60000,
,,,00.001716000000,  15.20000,
,,,00.001720000000,  15.20000,
,,,00.001724000000,  14.80000,
,,,00.001728000000,  14.40000,
,,,00.001732000000,  14.00000,
,,,00.001736000000,  14.00000,
,,,00.001740000000,  13.60000,
,,,00.001744000000,  13.20000,
,,,00.001748000000,  12.80000,
,,,00.001752000000,  12.40000,
,,,00.001756000000,  12.40000,
,,,00.001760000000,  11.60000,
,,,00.001764000000,  11.60000,
,,,00.001768000000,  11.60000,
,,,00.001772000000,  10.80000,
,,,00.001776000000,  10.40000,
,,,00.001780000000,  10.00000,
,,,00.001784000000,   9.60000,
,,,00.001788000000,   9.20000,
,,,00.001792000000,   9.20000,
,,,00.001796000000,   8.40000,
,,,00.001800000000,   8.40000,
,,,00.001804000000,   8.00000,
,,,00.001808000000,   7.60000,
,,,00.001812000000,   7.20000,
,,,00.001816000000,   7.20000,
,,,00.001820000000,   6.40000,
,,,00.001824000000,   6.00000,
,,,00.001828000000,   6.00000,
,,,00.001832000000,   5.60000,
,,,00.001836000000,   5.20000,
,,,00.001840000000,   4.80000,
,,,00.001844000000,   4.40000,
,,,00.001848000000,   4.40000,
,,,00.001852000000,   3.60000,
,,,00.001856000000,   3.20000,
,,,00.001860000000,   3.20000,
,,,00.001864000000,   2.40000,
,,,00.001868000000,   2.40000,
,,,00.001872000000,   2.00000,
,,,00.001876000000,   1.60000,
,,,00.001880000000,   1.20000,
,,,00.001884000000,   0.80000,
,,,00.001888000000,   0.40000,
,,,00.001892000000,   0.00000,
,,,00.001896000000,  -0.40000,
,,,00.001900000000,  -0.40000,
,,,00.001904000000,  -0.40000,
,,,00.001908000000,  -1.20000,
,,,00.001912000000,  -1.60000,
,,,00.001916000000,  -2.00000,
,,,00.001920000000,  -2.00000,
,,,00.001924000000,  -2.40000,
,,,00.001928000000,  -2.80000,
,,,00.001932000000,  -3.20000,
,,,00.001936000000,  -3.20000,
,,,00.001940000000,  -3.60000,
,,,00.001944000000,  -4.00000,
,,,00.001948000000,  -4.40000,
,,,00.001952000000,  -4.80000,
,,,00.001956000000,  -5.20000,
,,,00.001960000000,  -4.80000,
,,,00.001964000000,  -5.20000,
,,,00.001968000000,  -5.60000,
,,,00.001972000000,  -6.00000,
,,,00.001976000000,  -6.40000,
,,,00.001980000000,  -6.80000,
,,,00.001984000000,  -6.80000,
,,,00.001988000000,  -6.80000,
,,,00.001992000000,  -7.20000,
,,,00.001996000000,  -7.60000,
,,,00.002000000000,  -7.60000,
,,,00.002004000000,  -8.00000,
,,,00.002008000000,  -8.40000,
,,,00.002012000000,  -8.40000,
,,,00.002016000000,  -8.80000,
,,,00.002020000000,  -8.80000,
,,,00.002024000000,  -9.20000,
,,,00.002028000000,  -9.20000,
,,,00.002032000000,  -9.60000,
,,,00.002036000000, -10.00000,
,,,00.002040000000, -10.00000,
,,,00.002044000000, -10.00000,
,,,00.002048000000, -10.40000,
,,,00.002052000000, -10.40000,
,,,00.002056000000, -10.80000,
,,,00.002060000000, -10.40000,
,,,00.002064000000, -10.80000,
,,,00.002068000000, -11.20000,
,,,00.002072000000, -11.20000,
,,,00.002076000000, -11.20000,
,,,00.002080000000, -11.60000,
,,,00.002084000000, -11.60000,
,,,00.002088000000, -11.60000,
,,,00.002092000000, -11.60000,
,,,00.002096000000, -11.60000,
,,,00.002100000000, -12.00000,
,,,00.002104000000, -12.00000,
,,,00.002108000000, -12.00000,
,,,00.002112000000, -12.40000,
,,,00.002116000000, -12.00000,
,,,00.002120000000, -12.40000,
,,,00.002124000000, -12.00000,
,,,00.002128000000, -12.40000,
,,,00.002132000000, -12.80000,
,,,00.002136000000, -12.80000,
,,,00.002140000000, -12.80000,
,,,00.002144000000, -12.80000,
,,,00.002148000000, -12.40000,
,,,00.002152000000, -12.80000,
,,,00.002156000000, -12.80000,
,,,00.002160000000, -12.80000,
,,,00.002164000000, -12.80000,
,,,00.002168000000, -12.80000,
,,,00.002172000000, -12.80000,
,,,00.002176000000, -12.80000,
,,,00.002180000000, -12.40000,
,,,00.002184000000, -12.80000,
,,,00.002188000000, -12.80000,
,,,00.002192000000, -12.80000,
,,,00.002196000000, -12.80000,
,,,00.002200000000, -12.80000,
,,,00.002204000000, -12.80000,
,,,00.002208000000, -12.40000,
,,,00.002212000000, -12.40000,
,,,00.002216000000, -12.40000,
,,,00.002220000000, -12.40000,
,,,00.002224000000, -12.00000,
,,,00.002228000000, -12.00000,
,,,00.002232000000, -12.00000,
,,,00.002236000000, -12.00000,
,,,00.002240000000, -12.00000,
,,,00.002244000000, -11.60000,
,,,00.002248000000, -11.20000,
,,,00.002252000000, -11.20000,
,,,00.002256000000, -11.20000,
,,,00.002260000000, -11.20000,
,,,00.002264000000, -10.80000,
,,,00.002268000000, -10.40000,
,,,00.002272000000, -10.40000,
,,,00.002276000000, -10.40000,
,,,00.002280000000, -10.40000,
,,,00.002284000000, -10.00000,
,,,00.002288000000, -10.00000,
,,,00.002292000000,  -9.60000,
,,,00.002296000000,  -9.20000,
,,,00.002300000000,  -9.20000,
,,,00.002304000000,  -8.80000,
,,,00.002308000000,  -8.80000,
,,,00.002312000000,  -8.40000,
,,,00.002316000000,  -8.00000,
,,,00.002320000000,  -8.00000,
,,,00.002324000000,  -7.60000,
,,,00.002328000000,  -7.20000,
,,,00.002332000000,  -6.80000,
,,,00.002336000000,  -6.80000,
,,,00.002340000000,  -6.80000,
,,,00.002344000000,  -6.00000,
,,,00.002348000000,  -5.60000,
,,,00.002352000000,  -5.20000,
,,,00.002356000000,  -5.20000,
,,,00.002360000000,  -4.80000,
,,,00.002364000000,  -4.40000,
,,,00.002368000000,  -4.00000,
,,,00.002372000000,  -3.60000,
,,,00.002376000000,  -3.20000,
,,,00.002380000000,  -2.80000,
,,,00.002384000000,  -2.00000,
,,,00.002388000000,  -2.00000,
,,,00.002392000000,  -1.60000,
,,,00.002396000000,  -1.20000,
,,,00.002400000000,  -0.80000,
,,,00.002404000000,  -0.40000,
,,,00.002408000000,   0.00000,
,,,00.002412000000,   0.40000,
,,,00.002416000000,   0.80000,
,,,00.002420000000,   1.60000,
,,,00.002424000000,   1.60000,
,,,00.002428000000,   2.40000,
,,,00.002432000000,   2.80000,
,,,00.002436000000,   3.20000,
,,,00.002440000000,   3.60000,
,,,00.002444000000,   4.40000,
,,,00.002448000000,   4.80000,
,,,00.002452000000,   5.20000,
,,,00.002456000000,   5.60000,
,,,00.002460000000,   6.40000,
,,,00.002464000000,   6.80000,
,,,00.002468000000,   7.20000,
,,,00.002472000000,   7.60000,
,,,00.002476000000,   8.40000,
,,,00.002480000000,   8.80000,
,,,00.002484000000,   9.60000,
,,,00.002488000000,   9.60000,
,,,00.002492000000,  10.40000,
,,,00.002496000000,  10.80000,
,,,00.002500000000,  11.20000,
,,,00.002504000000,  12.00000,
,,,00.002508000000,  12.80000,
,,,00.002512000000,  12.80000,
,,,00.002516000000,  13.60000,
,,,00.002520000000,  14.00000,
,,,00.002524000000,  14.40000,
,,,00.002528000000,  14.80000,
,,,00.002532000000,  15.60000,
,,,00.002536000000,  16.00000,
,,,00.002540000000,  16.40000,
,,,00.002544000000,  16.80000,
,,,00.002548000000,  17.20000,
,,,00.002552000000,  18.00000,
,,,00.002556000000,  18.40000,
,,,00.002560000000,  18.80000,
,,,00.002564000000,  19.20000,
,,,00.002568000000,  19.20000,
,,,00.002572000000,  19.60000,
,,,00.002576000000,  20.40000,
,,,00.002580000000,  20.80000,
,,,00.002584000000,  20.80000,
,,,00.002588000000,  21.20000,
,,,00.002592000000,  21.60000,
,,,00.002596000000,  22.00000,
,,,00.002600000000,  22.40000,
,,,00.002604000000,  22.80000,
,,,00.002608000000,  22.80000,
,,,00.002612000000,  23.20000,
,,,00.002616000000,  23.60000,
,,,00.002620000000,  23.60000,
,,,00.002624000000,  23.60000,
,,,00.002628000000,  23.60000,
,,,00.002632000000,  24.00000,
,,,00.002636000000,  24.40000,
,,,00.002640000000,  24.40000,
,,,00.002644000000,  24.40000,
,,,00.002648000000,  24.40000,
,,,00.002652000000,  24.40000,
,,,00.002656000000,  24.40000,
,,,00.002660000000,  24.40000,
,,,00.002664000000,  24.40000,
,,,00.002668000000,  24.40000,
,,,00.002672000000,  24.40000,
,,,00.002676000000,  24.00000,
,,,00.002680000000,  24.40000,
,,,00.002684000000,  24.00000,
,,,00.002688000000,  24.00000,
,,,00.002692000000,  23.60000,
,,,00.002696000000,  23.60000,
,,,00.002700000000,  23.20000,
,,,00.002704000000,  22.80000,
,,,00.002708000000,  22.40000,
,,,00.002712000000,  22.00000,
,,,00.002716000000,  22.00000,
,,,00.002720000000,  21.60000,
,,,00.002724000000,  20.80000,
,,,00.002728000000,  20.40000,
,,,00.002732000000,  20.40000,
,,,00.002736000000,  20.00000,
,,,00.002740000000,  19.20000,
,,,00.002744000000,  18.80000,
,,,00.002748000000,  18.00000,
,,,00.002752000000,  17.60000,
,,,00.002756000000,  17.20000,
,,,00.002760000000,  16.40000,
,,,00.002764000000,  15.60000,
,,,00.002768000000,  15.20000,
,,,00.002772000000,  14.80000,
,,,00.002776000000,  14.00000,
,,,00.002780000000,  13.20000,
,,,00.002784000000,  12.40000,
,,,00.002788000000,  12.00000,
,,,00.002792000000,  11.20000,
,,,00.002796000000,  10.40000,
,,,00.002800000000,   9.60000,
,,,00.002804000000,   8.80000,
,,,00.002808000000,   8.00000,
,,,00.002812000000,   7.20000,
,,,00.002816000000,   6.40000,
,,,00.002820000000,   5.60000,
,,,00.002824000000,   4.80000,
,,,00.002828000000,   4.40000,
,,,00.002832000000,   3.20000,
,,,00.002836000000,   2.40000,
,,,00.002840000000,   1.60000,
,,,00.002844000000,   0.80000,
,,,00.002848000000,   0.00000,
,,,00.002852000000,  -1.20000,
,,,00.002856000000,  -2.00000,
,,,00.002860000000,  -2.80000,
,,,00.002864000000,  -3.60000,
,,,00.002868000000,  -4.00000,
,,,00.002872000000,  -5.20000,
,,,00.002876000000,  -6.00000,
,,,00.002880000000,  -6.80000,
,,,00.002884000000,  -7.60000,
,,,00.002888000000,  -8.40000,
,,,00.002892000000,  -9.20000,
,,,00.002896000000, -10.40000,
,,,00.002900000000, -10.80000,
,,,00.002904000000, -11.60000,
,,,00.002908000000, -12.40000,
,,,00.002912000000, -12.80000,
,,,00.002916000000, -14.00000,
,,,00.002920000000, -14.80000,
,,,00.002924000000, -15.20000,
,,,00.002928000000, -16.00000,
,,,00.002932000000, -16.80000,
,,,00.002936000000, -17.20000,
,,,00.002940000000, -17.60000,
,,,00.002944000000, -18.80000,
,,,00.002948000000, -19.20000,
,,,00.002952000000, -20.00000,
,,,00.002956000000, -20.40000,
,,,00.002960000000, -20.80000,
,,,00.002964000000, -21.20000,
,,,00.002968000000, -22.00000,
,,,00.002972000000, -22.40000,
,,,00.002976000000, -22.80000,
,,,00.002980000000, -23.20000,
,,,00.002984000000, -24.00000,
,,,00.002988000000, -24.40000,
,,,00.002992000000, -24.80000,
,,,00.002996000000, -25.20000,
,,,00.003000000000, -25.60000,
,,,00.003004000000, -26.00000,
,,,00.003008000000, -26.40000,
,,,00.003012000000, -26.40000,
,,,00.003016000000, -26.80000,
,,,00.003020000000, -27.20000,
,,,00.003024000000, -27.60000,
,,,00.003028000000, -27.60000,
,,,00.003032000000, -28.00000,
,,,00.003036000000, -28.00000,
,,,00.003040000000, -28.00000,
,,,00.003044000000, -28.40000,
,,,00.003048000000, -28.80000,
,,,00.003052000000, -28.80000,
,,,00.003056000000, -28.80000,
,,,00.003060000000, -28.80000,
,,,00.003064000000, -28.80000,
,,,00.003068000000, -29.20000,
,,,00.003072000000, -29.20000,
,,,00.003076000000, -29.20000,
,,,00.003080000000, -29.60000,
,,,00.003084000000, -29.20000,
,,,00.003088000000, -29.20000,
,,,00.003092000000, -29.60000,
,,,00.003096000000, -29.60000,
,,,00.003100000000, -29.20000,
,,,00.003104000000, -29.20000,
,,,00.003108000000, -29.20000,
,,,00.003112000000, -29.20000,
,,,00.003116000000, -29.20000,
,,,00.003120000000, -28.80000,
,,,00.003124000000, -28.80000,
,,,00.003128000000, -28.80000,
,,,00.003132000000, -28.80000,
,,,00.003136000000, -28.80000,
,,,00.003140000000, -28.40000,
,,,00.003144000000, -28.40000,
,,,00.003148000000, -28.40000,
,,,00.003152000000, -28.40000,
,,,00.003156000000, -28.00000,
,,,00.003160000000, -28.00000,
,,,00.003164000000, -28.00000,
,,,00.003168000000, -27.60000,
,,,00.003172000000, -27.60000,
,,,00.003176000000, -27.20000,
,,,00.003180000000, -26.80000,
,,,00.003184000000, -26.80000,
,,,00.003188000000, -27.20000,
,,,00.003192000000, -26.80000,
,,,00.003196000000, -26.40000,
,,,00.003200000000, -26.40000,
,,,00.003204000000, -26.40000,
,,,00.003208000000, -26.00000,
,,,00.003212000000, -26.00000,
,,,00.003216000000, -25.60000,
,,,00.003220000000, -25.60000,
,,,00.003224000000, -25.60000,
,,,00.003228000000, -25.20000,
,,,00.003232000000, -24.80000,
,,,00.003236000000, -24.80000,
,,,00.003240000000, -24.80000,
,,,00.003244000000, -24.80000,
,,,00.003248000000, -24.80000,
,,,00.003252000000, -24.40000,
,,,00.003256000000, -24.00000,
,,,00.003260000000, -24.00000,
,,,00.003264000000, -24.00000,
,,,00.003268000000, -24.00000,
,,,00.003272000000, -24.00000,
,,,00.003276000000, -24.00000,
,,,00.003280000000, -23.60000,
,,,00.003284000000, -23.60000,
,,,00.003288000000, -23.20000,
,,,00.003292000000, -23.60000,
,,,00.003296000000, -23.20000,
,,,00.003300000000, -23.20000,
,,,00.003304000000, -22.80000,
,,,00.003308000000, -23.20000,
,,,00.003312000000, -22.80000,
,,,00.003316000000, -22.80000,
,,,00.003320000000, -23.20000,
,,,00.003324000000, -23.20000,
,,,00.003328000000, -22.80000,
,,,00.003332000000, -22.80000,
,,,00.003336000000, -22.80000,
,,,00.003340000000, -22.80000,
,,,00.003344000000, -22.80000,
,,,00.003348000000, -22.80000,
,,,00.003352000000, -22.80000,
,,,00.003356000000, -22.80000,
,,,00.003360000000, -22.80000,
,,,00.003364000000, -23.20000,
,,,00.003368000000, -23.20000,
,,,00.003372000000, -23.20000,
,,,00.003376000000, -23.20000,
,,,00.003380000000, -23.20000,
,,,00.003384000000, -23.20000,
,,,00.003388000000, -23.20000,
,,,00.003392000000, -23.20000,
,,,00.003396000000, -23.60000,
,,,00.003400000000, -23.60000,
,,,00.003404000000, -23.60000,
,,,00.003408000000, -24.00000,
,,,00.003412000000, -24.00000,
,,,00.003416000000, -24.00000,
,,,00.003420000000, -24.00000,
,,,00.003424000000, -24.00000,
,,,00.003428000000, -24.00000,
,,,00.003432000000, -24.40000,
,,,00.003436000000, -24.40000,
,,,00.003440000000, -24.40000,
,,,00.003444000000, -24.80000,
,,,00.003448000000, -24.80000,
,,,00.003452000000, -25.20000,
,,,00.003456000000, -25.20000,
,,,00.003460000000, -25.20000,
,,,00.003464000000, -25.60000,
,,,00.003468000000, -25.60000,
,,,00.003472000000, -25.60000,
,,,00.003476000000, -26.00000,
,,,00.003480000000, -26.00000,
,,,00.003484000000, -26.40000,
,,,00.003488000000, -26.40000,
,,,00.003492000000, -26.80000,
,,,00.003496000000, -26.80000,
,,,00.003500000000, -26.80000,
,,,00.003504000000, -26.80000,
,,,00.003508000000, -27.60000,
,,,00.003512000000, -27.60000,
,,,00.003516000000, -27.60000,
,,,00.003520000000, -27.60000,
,,,00.003524000000, -27.60000,
,,,00.003528000000, -27.60000,
,,,00.003532000000, -28.00000,
,,,00.003536000000, -28.40000,
,,,00.003540000000, -28.40000,
,,,00.003544000000, -28.40000,
,,,00.003548000000, -28.40000,
,,,00.003552000000, -28.40000,
,,,00.003556000000, -28.40000,
,,,00.003560000000, -28.40000,
,,,00.003564000000, -28.80000,
,,,00.003568000000, -28.80000,
,,,00.003572000000, -28.80000,
,,,00.003576000000, -28.80000,
,,,00.003580000000, -28.80000,
,,,00.003584000000, -28.80000,
,,,00.003588000000, -29.20000,
,,,00.003592000000, -28.80000,
,,,00.003596000000, -28.80000,
,,,00.003600000000, -28.40000,
,,,00.003604000000, -28.40000,
,,,00.003608000000, -28.40000,
,,,00.003612000000, -28.40000,
,,,00.003616000000, -28.00000,
,,,00.003620000000, -28.00000,
,,,00.003624000000, -27.60000,
,,,00.003628000000, -27.20000,
,,,00.003632000000, -27.60000,
,,,00.003636000000, -26.80000,
,,,00.003640000000, -27.20000,
,,,00.003644000000, -26.80000,
,,,00.003648000000, -26.40000,
,,,00.003652000000, -26.00000,
,,,00.003656000000, -26.00000,
,,,00.003660000000, -25.20000,
,,,00.003664000000, -24.80000,
,,,00.003668000000, -24.40000,
,,,00.003672000000, -24.00000,
,,,00.003676000000, -23.60000,
,,,00.003680000000, -23.20000,
,,,00.003684000000, -22.40000,
,,,00.003688000000, -22.00000,
,,,00.003692000000, -21.60000,
,,,00.003696000000, -20.80000,
,,,00.003700000000, -20.40000,
,,,00.003704000000, -19.60000,
,,,00.003708000000, -19.20000,
,,,00.003712000000, -18.40000,
,,,00.003716000000, -17.60000,
,,,00.003720000000, -17.20000,
,,,00.003724000000, -16.40000,
,,,00.003728000000, -15.60000,
,,,00.003732000000, -15.20000,
,,,00.003736000000, -14.40000,
,,,00.003740000000, -13.20000,
,,,00.003744000000, -12.40000,
,,,00.003748000000, -11.60000,
,,,00.003752000000, -10.80000,
,,,00.003756000000, -10.00000,
,,,00.003760000000,  -8.80000,
,,,00.003764000000,  -8.00000,
,,,00.003768000000,  -7.20000,
,,,00.003772000000,  -6.40000,
,,,00.003776000000,  -5.20000,
,,,00.003780000000,  -4.80000,
,,,00.003784000000,  -3.60000,
,,,00.003788000000,  -2.40000,
,,,00.003792000000,  -1.60000,
,,,00.003796000000,  -0.80000,
,,,00.003800000000,   0.40000,
,,,00.003804000000,   1.20000,
,,,00.003808000000,   2.40000,
,,,00.003812000000,   3.20000,
,,,00.003816000000,   4.40000,
,,,00.003820000000,   5.20000,
,,,00.003824000000,   6.00000,
,,,00.003828000000,   6.80000,
,,,00.003832000000,   8.00000,
,,,00.003836000000,   8.80000,
,,,00.003840000000,   9.60000,
,,,00.003844000000,  10.80000,
,,,00.003848000000,  11.20000,
,,,00.003852000000,  12.40000,
,,,00.003856000000,  13.20000,
,,,00.003860000000,  14.00000,
,,,00.003864000000,  14.80000,
,,,00.003868000000,  15.60000,
,,,00.003872000000,  16.40000,
,,,00.003876000000,  16.80000,
,,,00.003880000000,  18.00000,
,,,00.003884000000,  18.40000,
,,,00.003888000000,  19.20000,
,,,00.003892000000,  20.00000,
,,,00.003896000000,  20.40000,
,,,00.003900000000,  20.80000,
,,,00.003904000000,  21.60000,
,,,00.003908000000,  22.00000,
,,,00.003912000000,  22.40000,
,,,00.003916000000,  22.80000,
,,,00.003920000000,  23.60000,
,,,00.003924000000,  23.60000,
,,,00.003928000000,  24.00000,
,,,00.003932000000,  24.40000,
,,,00.003936000000,  24.40000,
,,,00.003940000000,  24.80000,
,,,00.003944000000,  24.80000,
,,,00.003948000000,  25.20000,
,,,00.003952000000,  25.20000,
,,,00.003956000000,  25.20000,
,,,00.003960000000,  25.20000,
,,,00.003964000000,  25.20000,
,,,00.003968000000,  25.20000,
,,,00.003972000000,  25.20000,
,,,00.003976000000,  24.80000,
,,,00.003980000000,  24.80000,
,,,00.003984000000,  24.40000,
,,,00.003988000000,  24.40000,
,,,00.003992000000,  24.00000,
,,,00.003996000000,  24.00000,
,,,00.004000000000,  23.60000,
,,,00.004004000000,  23.60000,
,,,00.004008000000,  22.80000,
,,,00.004012000000,  22.40000,
,,,00.004016000000,  21.60000,
,,,00.004020000000,  21.20000,
,,,00.004024000000,  20.80000,
,,,00.004028000000,  20.40000,
,,,00.004032000000,  19.60000,
,,,00.004036000000,  19.20000,
,,,00.004040000000,  18.00000,
,,,00.004044000000,  17.60000,
,,,00.004048000000,  17.20000,
,,,00.004052000000,  16.40000,
,,,00.004056000000,  15.60000,
,,,00.004060000000,  14.80000,
,,,00.004064000000,  14.00000,
,,,00.004068000000,  13.60000,
,,,00.004072000000,  12.40000,
,,,00.004076000000,  11.60000,
,,,00.004080000000,  10.80000,
,,,00.004084000000,  10.00000,
,,,00.004088000000,   8.80000,
,,,00.004092000000,   8.40000,
,,,00.004096000000,   7.60000,
,,,00.004100000000,   6.80000,
,,,00.004104000000,   6.00000,
,,,00.004108000000,   5.20000,
,,,00.004112000000,   4.40000,
,,,00.004116000000,   3.20000,
,,,00.004120000000,   2.40000,
,,,00.004124000000,   1.60000,
,,,00.004128000000,   0.40000,
,,,00.004132000000,  -0.40000,
,,,00.004136000000,  -0.80000,
,,,00.004140000000,  -1.60000,
,,,00.004144000000,  -2.40000,
,,,00.004148000000,  -3.20000,
,,,00.004152000000,  -4.00000,
,,,00.004156000000,  -5.20000,
,,,00.004160000000,  -5.60000,
,,,00.004164000000,  -6.80000,
,,,00.004168000000,  -7.60000,
,,,00.004172000000,  -8.00000,
,,,00.004176000000,  -9.20000,
,,,00.004180000000,  -9.60000,
,,,00.004184000000, -10.40000,
,,,00.004188000000, -11.20000,
,,,00.004192000000, -12.00000,
,,,00.004196000000, -12.80000,
,,,00.004200000000, -13.60000,
,,,00.004204000000, -13.60000,
,,,00.004208000000, -14.40000,
,,,00.004212000000, -15.20000,
,,,00.004216000000, -15.60000,
,,,00.004220000000, -16.00000,
,,,00.004224000000, -16.80000,
,,,00.004228000000, -17.20000,
,,,00.004232000000, -17.60000,
,,,00.004236000000, -18.40000,
,,,00.004240000000, -18.80000,
,,,00.004244000000, -19.60000,
,,,00.004248000000, -20.00000,
,,,00.004252000000, -20.40000,
,,,00.004256000000, -20.80000,
,,,00.004260000000, -21.20000,
,,,00.004264000000, -21.60000,
,,,00.004268000000, -22.00000,
,,,00.004272000000, -22.00000,
,,,00.004276000000, -22.80000,
,,,00.004280000000, -23.20000,
,,,00.004284000000, -23.20000,
,,,00.004288000000, -23.60000,
,,,00.004292000000, -24.00000,
,,,00.004296000000, -24.40000,
,,,00.004300000000, -24.40000,
,,,00.004304000000, -24.40000,
,,,00.004308000000, -24.80000,
,,,00.004312000000, -24.80000,
,,,00.004316000000, -25.20000,
,,,00.004320000000, -25.60000,
,,,00.004324000000, -26.00000,
,,,00.004328000000, -26.00000,
,,,00.004332000000, -26.40000,
,,,00.004336000000, -26.40000,
,,,00.004340000000, -26.40000,
,,,00.004344000000, -26.80000,
,,,00.004348000000, -26.80000,
,,,00.004352000000, -26.80000,
,,,00.004356000000, -26.80000,
,,,00.004360000000, -26.80000,
,,,00.004364000000, -27.20000,
,,,00.004368000000, -27.20000,
,,,00.004372000000, -27.20000,
,,,00.004376000000, -27.20000,
,,,00.004380000000, -27.20000,
,,,00.004384000000, -27.20000,
,,,00.004388000000, -27.20000,
,,,00.004392000000, -27.60000,
,,,00.004396000000, -27.20000,
,,,00.004400000000, -27.20000,
,,,00.004404000000, -27.60000,
,,,00.004408000000, -27.60000,
,,,00.004412000000, -27.60000,
,,,00.004416000000, -27.60000,
,,,00.004420000000, -27.60000,
,,,00.004424000000, -27.60000,
,,,00.004428000000, -27.60000,
,,,00.004432000000, -27.60000,
,,,00.004436000000, -27.60000,
,,,00.004440000000, -27.60000,
,,,00.004444000000, -27.60000,
,,,00.004448000000, -27.60000,
,,,00.004452000000, -27.60000,
,,,00.004456000000, -27.60000,
,,,00.004460000000, -27.60000,
,,,00.004464000000, -27.60000,
,,,00.004468000000, -27.60000,
,,,00.004472000000, -27.60000,
,,,00.004476000000, -27.60000,
,,,00.004480000000, -27.20000,
,,,00.004484000000, -27.60000,
,,,00.004488000000, -27.60000,
,,,00.004492000000, -27.60000,
,,,00.004496000000, -27.60000,
,,,00.004500000000, -27.60000,
,,,00.004504000000, -27.60000,
,,,00.004508000000, -27.60000,
,,,00.004512000000, -27.60000,
,,,00.004516000000, -27.60000,
,,,00.004520000000, -27.20000,
,,,00.004524000000, -27.60000,
,,,00.004528000000, -27.60000,
,,,00.004532000000, -27.60000,
,,,00.004536000000, -27.60000,
,,,00.004540000000, -27.60000,
,,,00.004544000000, -27.60000,
,,,00.004548000000, -27.60000,
,,,00.004552000000, -27.60000,
,,,00.004556000000, -27.60000,
,,,00.004560000000, -27.60000,
,,,00.004564000000, -27.60000,
,,,00.004568000000, -27.20000,
,,,00.004572000000, -27.20000,
,,,00.004576000000, -27.60000,
,,,00.004580000000, -27.20000,
,,,00.004584000000, -27.20000,
,,,00.004588000000, -27.60000,
,,,00.004592000000, -27.20000,
,,,00.004596000000, -27.60000,
,,,00.004600000000, -27.20000,
,,,00.004604000000, -27.20000,
,,,00.004608000000, -27.60000,
,,,00.004612000000, -27.20000,
,,,00.004616000000, -27.20000,
,,,00.004620000000, -27.60000,
,,,00.004624000000, -27.60000,
,,,00.004628000000, -27.60000,
,,,00.004632000000, -27.20000,
,,,00.004636000000, -26.80000,
,,,00.004640000000, -27.20000,
,,,00.004644000000, -26.80000,
,,,00.004648000000, -26.80000,
,,,00.004652000000, -27.20000,
,,,00.004656000000, -27.20000,
,,,00.004660000000, -27.20000,
,,,00.004664000000, -26.80000,
,,,00.004668000000, -26.80000,
,,,00.004672000000, -26.80000,
,,,00.004676000000, -26.40000,
,,,00.004680000000, -26.40000,
,,,00.004684000000, -26.00000,
,,,00.004688000000, -26.40000,
,,,00.004692000000, -26.00000,
,,,00.004696000000, -25.60000,
,,,00.004700000000, -26.00000,
,,,00.004704000000, -25.60000,
,,,00.004708000000, -25.60000,
,,,00.004712000000, -25.60000,
,,,00.004716000000, -25.20000,
,,,00.004720000000, -25.20000,
,,,00.004724000000, -24.80000,
,,,00.004728000000, -24.80000,
,,,00.004732000000, -24.40000,
,,,00.004736000000, -24.00000,
,,,00.004740000000, -24.00000,
,,,00.004744000000, -23.60000,
,,,00.004748000000, -23.60000,
,,,00.004752000000, -23.20000,
,,,00.004756000000, -22.80000,
,,,00.004760000000, -22.80000,
,,,00.004764000000, -22.40000,
,,,00.004768000000, -22.00000,
,,,00.004772000000, -21.20000,
,,,00.004776000000, -21.20000,
,,,00.004780000000, -20.80000,
,,,00.004784000000, -20.80000,
,,,00.004788000000, -20.00000,
,,,00.004792000000, -19.60000,
,,,00.004796000000, -19.60000,
,,,00.004800000000, -18.80000,
,,,00.004804000000, -18.40000,
,,,00.004808000000, -18.00000,
,,,00.004812000000, -17.20000,
,,,00.004816000000, -16.80000,
,,,00.004820000000, -16.40000,
,,,00.004824000000, -16.00000,
,,,00.004828000000, -15.20000,
,,,00.004832000000, -14.80000,
,,,00.004836000000, -14.00000,
,,,00.004840000000, -13.60000,
,,,00.004844000000, -12.80000,
,,,00.004848000000, -12.40000,
,,,00.004852000000, -11.60000,
,,,00.004856000000, -10.80000,
,,,00.004860000000, -10.40000,
,,,00.004864000000,  -9.60000,
,,,00.004868000000,  -9.20000,
,,,00.004872000000,  -8.00000,
,,,00.004876000000,  -8.00000,
,,,00.004880000000,  -6.80000,
,,,00.004884000000,  -6.40000,
,,,00.004888000000,  -5.20000,
,,,00.004892000000,  -4.80000,
,,,00.004896000000,  -4.00000,
,,,00.004900000000,  -3.20000,
,,,00.004904000000,  -2.40000,
,,,00.004908000000,  -1.60000,
,,,00.004912000000,  -0.80000,
,,,00.004916000000,   0.00000,
,,,00.004920000000,   0.40000,
,,,00.004924000000,   1.60000,
,,,00.004928000000,   2.40000,
,,,00.004932000000,   3.20000,
,,,00.004936000000,   4.00000,
,,,00.004940000000,   4.40000,
,,,00.004944000000,   5.20000,
,,,00.004948000000,   6.00000,
,,,00.004952000000,   6.80000,
,,,00.004956000000,   8.00000,
,,,00.004960000000,   8.40000,
,,,00.004964000000,   9.20000,
,,,00.004968000000,  10.00000,
,,,00.004972000000,  10.80000,
,,,00.004976000000,  11.60000,
,,,00.004980000000,  12.00000,
,,,00.004984000000,  12.80000,
,,,00.004988000000,  13.60000,
,,,00.004992000000,  14.40000,
,,,00.004996000000,  14.80000,
