Path Difference (micrometers),Noise
-2.9999999999177334,-0.1304648013000224
-2.9959959959137294,-0.155517336892381
-2.9919919919097255,0.1691216130672636
-2.987987987905721,-0.11353070813162443
-2.9839839839017173,0.026125485691477525
-2.9799799798977133,-0.11751364883718984
-2.9759759758937094,-0.0890372187983165
-2.9719719718897055,0.05501643866058168
-2.9679679678857016,-0.0593201687489109
-2.9639639638816973,-0.029514950967628868
-2.9599599598776933,-0.01581873296659285
-2.9559559558736894,-0.18286059126735504
-2.9519519518696855,-0.006883484009894492
-2.9479479478656816,0.11861240432254115
-2.9439439438616772,0.06361671804527762
-2.939939939857673,0.05317054279301312
-2.935935935853669,-0.07935252341679139
-2.931931931849665,-0.08949821062687606
-2.927927927845661,-0.10428297832458396
-2.9239239238416572,-0.3029891372984339
-2.919919919837653,0.06599292051114962
-2.915915915833649,-0.006148047108409537
-2.911911911829645,0.15518956955229596
-2.907907907825641,0.046683366909534285
-2.903903903821637,-0.16976846835117965
-2.899899899817633,0.08234592375954061
-2.895895895813629,-0.14783748362754526
-2.891891891809625,0.03602908633139162
-2.887887887805621,0.07793528867028932
-2.883883883801617,0.11670686065655347
-2.8798798797976133,0.06186195334627025
-2.875875875793609,-0.11392511663311805
-2.871871871789605,-0.03126177507697746
-2.867867867785601,0.00823137905104053
-2.863863863781597,-0.04943957268902554
-2.8598598597775933,0.056785530485891106
-2.855855855773589,0.036224065214675326
-2.851851851769585,-0.03232874078243183
-2.847847847765581,-0.02990337811089048
-2.843843843761577,-0.026441432858836846
-2.8398398397575733,-0.05455825023335534
-2.8358358357535693,-0.07996659128021821
-2.831831831749565,-0.15033049574805313
-2.827827827745561,0.03643185107369884
-2.823823823741557,-0.08237077579182632
-2.8198198197375532,-0.1469147823631816
-2.8158158157335493,-0.06790638686168697
-2.811811811729545,-0.044749012187150085
-2.807807807725541,0.03815138315971429
-2.803803803721537,-0.11198873583485923
-2.7997997997175332,0.01806626510110672
-2.7957957957135293,0.0778870701751275
-2.7917917917095254,-0.009134532888990372
-2.787787787705521,0.1644908178830188
-2.783783783701517,0.010970701376828255
-2.779779779697513,-0.12985559296454716
-2.7757757756935093,-0.07530889841851231
-2.7717717716895054,-0.0863334004207987
-2.767767767685501,-0.05739095098821757
-2.763763763681497,-0.1015472087928142
-2.759759759677493,-0.015594642912326326
-2.7557557556734893,0.028574853476878166
-2.7517517516694854,0.023225000352747407
-2.747747747665481,-0.1301411703012942
-2.7437437436614767,0.07551569593264758
-2.7397397396574728,-0.014378269345206677
-2.735735735653469,-0.139826183494825
-2.731731731649465,-0.11400482274133522
-2.727727727645461,-0.07495698877550963
-2.7237237236414567,-0.040000548549721654
-2.7197197196374527,0.04016165947273599
-2.715715715633449,0.15260807979436167
-2.711711711629445,0.026067323562516627
-2.707707707625441,-0.007694571474854608
-2.703703703621437,-0.0490658615848919
-2.6996996996174327,0.05144707840569588
-2.695695695613429,0.012203696481442193
-2.691691691609425,0.059585355086508585
-2.687687687605421,-0.0279603441051832
-2.683683683601417,-0.025057925525272084
-2.6796796795974127,-0.08538413661567434
-2.675675675593409,0.08016493448455118
-2.671671671589405,0.010180676291435995
-2.667667667585401,0.015357002442991733
-2.663663663581397,-0.025649908011581804
-2.659659659577393,-0.09582012955493838
-2.655655655573389,0.024592794712455648
-2.651651651569385,0.07869522478484209
-2.647647647565381,0.016845496114661594
-2.643643643561377,-0.05841714807618256
-2.639639639557373,-0.18336350782499916
-2.6356356355533688,-0.19476628844924102
-2.631631631549365,-0.12718146233081312
-2.627627627545361,0.050868443372170224
-2.623623623541357,0.1923732496949106
-2.619619619537353,0.3451258067965355
-2.615615615533349,-0.1568750148507572
-2.611611611529345,0.04320943161247016
-2.607607607525341,0.060953727183361
-2.603603603521337,0.04159012900905719
-2.599599599517333,-0.20104662250343086
-2.595595595513329,0.053166914452095475
-2.591591591509325,-0.007155890677189016
-2.587587587505321,-0.00457114614885746
-2.583583583501317,-0.06869749008674868
-2.579579579497313,0.13151418866884523
-2.575575575493309,-0.027058318267575883
-2.5715715714893053,0.07064628674947278
-2.567567567485301,0.27333653829378723
-2.563563563481297,-0.02589987269162259
-2.559559559477293,0.10847678598748481
-2.5555555554732887,0.12142168350223524
-2.551551551469285,-0.10063676881947424
-2.5475475474652804,0.032810543571861764
-2.5435435434612765,-0.10377396732435028
-2.5395395394572726,0.05539512220462958
-2.5355355354532687,-0.04392868983827419
-2.531531531449265,-0.006489827535612648
-2.527527527445261,0.07108131234074705
-2.5235235234412565,-0.07176108804684814
-2.5195195194372526,0.08704663309920863
-2.5155155154332487,0.0417771489469784
-2.511511511429245,-0.173998113912849
-2.507507507425241,0.007379210395770859
-2.5035035034212365,0.06243223446773103
-2.4994994994172326,0.028508929298191293
-2.4954954954132287,-0.028083158619004463
-2.4914914914092248,-0.08167808823793574
-2.487487487405221,-0.07404770201528166
-2.483483483401217,0.20461917625768444
-2.479479479397213,-0.05368112667124088
-2.4754754753932087,0.00046261871081567784
-2.4714714713892048,0.05382124851752155
-2.467467467385201,-0.1270412492601564
-2.463463463381197,0.15368120211584044
-2.4594594593771926,0.011608907796455892
-2.4554554553731887,-0.0013393501713618882
-2.4514514513691847,0.12752372937457399
-2.447447447365181,0.09533811341415029
-2.443443443361177,-0.1881000313624226
-2.439439439357173,-0.08555060760183528
-2.435435435353169,-0.015176277309599
-2.4314314313491647,0.04315858853604309
-2.427427427345161,0.10537663107227534
-2.423423423341157,0.13449964796502042
-2.419419419337153,-0.0720386563072555
-2.4154154153331486,-0.11065173105186071
-2.4114114113291447,0.10033273725985886
-2.407407407325141,0.17129107857958187
-2.403403403321137,0.019882932116503934
-2.399399399317133,0.17723771995879062
-2.395395395313129,-0.013852473598170247
-2.391391391309125,0.0033070311554798714
-2.387387387305121,-0.11392664388565787
-2.383383383301117,0.003130069122065661
-2.379379379297113,0.1466973647621219
-2.375375375293109,-0.1446588600844328
-2.3713713712891047,0.0002077301866242015
-2.3673673672851008,0.1448085204918781
-2.363363363281097,-0.3027996473380683
-2.3593593592770925,-0.003534089446809888
-2.3553553552730886,-0.04437817347657393
-2.3513513512690847,0.23001335444119483
-2.3473473472650808,0.03866760385574063
-2.3433433432610764,0.0529911983081017
-2.3393393392570725,-0.048089583961923275
-2.3353353352530686,-0.051046750644813954
-2.3313313312490647,-0.006931692596886311
-2.3273273272450603,-0.33339277791596406
-2.3233233232410564,0.02958278275246984
-2.3193193192370525,-0.23871303936162314
-2.3153153152330486,-0.2364157560473122
-2.3113113112290447,-0.01996451237153137
-2.3073073072250407,-0.038047473203269705
-2.303303303221037,-0.09360684681119176
-2.2992992992170325,-0.09377555759711524
-2.2952952952130286,-0.06583777147530061
-2.2912912912090246,-0.03616850753810929
-2.2872872872050207,-0.15318806171488353
-2.2832832832010164,0.11808041159237924
-2.2792792791970125,0.11484432273935913
-2.2752752751930085,0.07117953238715656
-2.2712712711890046,0.016362397168442816
-2.2672672671850007,-0.0002480374519384537
-2.263263263180997,-0.11242364364681799
-2.259259259176993,0.0775524569455806
-2.2552552551729885,-0.020017616218495658
-2.2512512511689846,-0.05754718232802641
-2.2472472471649807,0.18924729136970697
-2.243243243160977,0.1095854479347894
-2.2392392391569724,0.014655748281517618
-2.2352352351529685,0.08987671612273823
-2.2312312311489646,0.09073323791830207
-2.2272272271449607,-0.08592577869398103
-2.2232232231409568,-0.1313059960055781
-2.219219219136953,0.009840677755133689
-2.215215215132949,-0.1021606610889045
-2.2112112111289446,-0.06710578138266439
-2.2072072071249407,0.28599067984379967
-2.2032032031209368,0.13777100906455772
-2.199199199116933,-0.06544189841628656
-2.1951951951129285,0.06959578110032891
-2.1911911911089246,0.10137443471551336
-2.1871871871049207,-0.02220816974929397
-2.1831831831009167,-0.12480247304715031
-2.179179179096913,-0.03663959257164919
-2.175175175092909,-0.23715770054327698
-2.1711711710889046,-0.06622867897374217
-2.1671671670849006,0.14663520444029093
-2.1631631630808963,-0.03138858953015466
-2.1591591590768924,-0.08956733220254437
-2.1551551550728885,-0.08750269825170914
-2.151151151068884,0.032863050149075305
-2.14714714706488,0.04411143431766861
-2.1431431430608763,-0.03572664422268388
-2.1391391390568724,-0.12162377955181909
-2.1351351350528684,0.11053373763215422
-2.1311311310488645,0.10864038773791927
-2.1271271270448606,0.05775527951367591
-2.1231231230408563,-0.06664873183210479
-2.1191191190368524,0.007198385532027677
-2.1151151150328484,-0.1919841738372221
-2.1111111110288445,-0.032952956219378486
-2.10710710702484,0.031353599161806925
-2.1031031030208363,-0.01451150348397255
-2.0990990990168323,-0.026503677794437283
-2.0950950950128284,0.01774715051230885
-2.0910910910088245,0.044741870011815954
-2.0870870870048206,0.09873657915212919
-2.0830830830008167,0.05408385647777211
-2.0790790789968123,-0.0639624586881341
-2.0750750749928084,0.058187863388985406
-2.0710710709888045,-0.005065995753799523
-2.0670670669848006,0.06675965638214927
-2.0630630629807962,-0.0009821657835277743
-2.0590590589767923,-0.11812900802445048
-2.0550550549727884,-0.098081801685111
-2.0510510509687845,0.013890744095894117
-2.0470470469647806,0.09524378950865564
-2.0430430429607767,-0.07940632304578071
-2.0390390389567727,-0.1330233968719019
-2.0350350349527684,0.12417619944517487
-2.0310310309487645,-0.09973030338465781
-2.0270270269447606,0.02930341638947942
-2.023023022940756,0.1747998335558406
-2.0190190189367523,0.034443275884031364
-2.0150150149327484,0.0028993988344987905
-2.0110110109287445,0.03149982169880322
-2.0070070069247405,0.1702226966418433
-2.0030030029207366,-0.07180572331283995
-1.9989989989167325,0.00880005003693657
-1.9949949949127286,0.006599393400594821
-1.9909909909087242,-0.017719213380992218
-1.9869869869047203,0.0946647115734547
-1.9829829829007164,0.10729624239004809
-1.978978978896712,0.09444419304923417
-1.9749749748927081,-0.0059458519590304335
-1.9709709708887042,-0.014357708672664041
-1.9669669668847003,0.015445311158696046
-1.9629629628806964,-0.06054667835426861
-1.9589589588766925,-0.04855355286332987
-1.9549549548726886,0.0636479737104736
-1.9509509508686846,0.023821356849185755
-1.9469469468646803,0.05577048914092007
-1.9429429428606764,0.02001241440527911
-1.9389389388566725,0.06835038838871214
-1.934934934852668,-0.09205691414203208
-1.9309309308486642,-0.011541628435469803
-1.9269269268446603,-0.024047457519583804
-1.9229229228406564,-0.022404093949724698
-1.9189189188366522,0.021490869110992145
-1.9149149148326483,-0.09964595897253414
-1.9109109108286444,-0.026447756848647214
-1.9069069068246403,-0.08801970732761537
-1.9029029028206361,-0.08569252475576562
-1.8988988988166322,-0.039915333240705786
-1.8948948948126283,0.04462064505251498
-1.8908908908086242,-0.08805720767194945
-1.8868868868046202,-0.06299676634186564
-1.8828828828006163,-0.06742116727766473
-1.8788788787966122,-0.05512647602696144
-1.8748748747926083,0.1626106661205288
-1.8708708707886044,0.04074016401373354
-1.8668668667846002,-0.1026070798855068
-1.8628628627805963,-0.13774844366916916
-1.8588588587765922,-0.02986401704730006
-1.8548548547725883,-0.0003543455370104173
-1.8508508507685844,0.21028832175835666
-1.8468468467645802,-0.12836642681559518
-1.8428428427605763,0.0461392015681496
-1.8388388387565724,-0.06588448183468566
-1.8348348347525683,-0.06582775268031148
-1.8308308307485643,0.06827817436955612
-1.8268268267445602,0.02916973841466319
-1.822822822740556,-0.18527401013567643
-1.8188188187365522,-0.0823375427095562
-1.814814814732548,-0.05285612979181273
-1.810810810728544,0.014552211298658116
-1.8068068067245402,-0.11506216394183139
-1.802802802720536,-0.04766700307933838
-1.7987987987165321,-0.051936389637371495
-1.7947947947125282,0.07291478161707357
-1.790790790708524,0.012296858031142723
-1.7867867867045202,0.007037594627703115
-1.7827827827005163,0.0034903925606038486
-1.7787787786965121,0.04497675619018365
-1.7747747746925082,-0.016568605131297886
-1.770770770688504,0.03169581278544192
-1.7667667666845002,-0.0747866177344176
-1.7627627626804963,-0.09070143324286396
-1.7587587586764921,-0.06195679223168457
-1.7547547546724882,0.036890427049685585
-1.7507507506684843,0.14356611907800734
-1.7467467466644802,0.23817965332576124
-1.7427427426604762,0.24035573929585474
-1.7387387386564723,-0.06851641286829369
-1.7347347346524682,-0.007068431776671673
-1.7307307306484643,0.21552341636187544
-1.72672672664446,-0.05544524352399608
-1.722722722640456,0.09338657939948042
-1.718718718636452,-0.07887162143425173
-1.714714714632448,0.0020659239979887545
-1.710710710628444,0.14152777534936642
-1.7067067066244401,0.11727262388705757
-1.702702702620436,0.11591432262025887
-1.698698698616432,0.13931829701826978
-1.6946946946124282,0.07671691557794388
-1.690690690608424,0.16403547480036673
-1.6866866866044201,0.010025393837045097
-1.682682682600416,0.03405185879692504
-1.678678678596412,0.0636327369781562
-1.6746746745924082,0.1443896659788719
-1.670670670588404,0.025261884656063258
-1.6666666665844,0.011209535008605727
-1.6626626625803962,0.05630701196886554
-1.658658658576392,-0.008542827740745742
-1.6546546545723881,-0.1338900943816396
-1.6506506505683842,-0.14487436315268248
-1.64664664656438,0.15957547003703676
-1.6426426425603762,0.12289868971379299
-1.638638638556372,0.08979578754254412
-1.6346346345523681,0.2018158635602727
-1.630630630548364,-0.023776407921609777
-1.6266266265443599,-0.07314558310740707
-1.622622622540356,0.10231646990951784
-1.618618618536352,-0.02917492968514388
-1.614614614532348,-0.05822402314649921
-1.610610610528344,-0.052887295319646956
-1.60660660652434,-0.05526375818053414
-1.602602602520336,-0.025981471207387415
-1.598598598516332,-0.031038079521830544
-1.5945945945123279,-0.09111234676259888
-1.590590590508324,-0.06983338610654263
-1.58658658650432,0.09654104235518031
-1.582582582500316,-0.004712260361263498
-1.578578578496312,-0.1451101311912847
-1.574574574492308,0.04452418980288928
-1.570570570488304,0.07717881382186592
-1.5665665664843,-0.18805419241534738
-1.5625625624802961,0.06018947111007633
-1.558558558476292,0.11207615478088313
-1.554554554472288,-0.09306024251728431
-1.550550550468284,0.06513423739253409
-1.54654654646428,-0.07867255103174157
-1.5425425424602761,0.04712995334219808
-1.538538538456272,0.07437313335210471
-1.5345345344522678,-0.01876001209086089
-1.530530530448264,0.16468569499993854
-1.5265265264442598,0.048323650400056845
-1.5225225224402559,0.1929012820580045
-1.518518518436252,0.08293883185107256
-1.5145145144322478,-0.049546790698165644
-1.510510510428244,-0.12090613695690028
-1.5065065064242398,0.01676736959878162
-1.5025025024202359,0.05679367463388829
-1.498498498416232,0.012318247118858254
-1.4944944944122278,0.11051522248036563
-1.490490490408224,-0.08952564542783965
-1.48648648640422,0.032435658320863724
-1.4824824824002159,0.17483912282181874
-1.478478478396212,0.03862523857952246
-1.474474474392208,0.1128732313668288
-1.4704704703882039,-0.1344655523708947
-1.4664664663842,-0.13527046745654936
-1.4624624623801958,0.21777773965512368
-1.458458458376192,0.07686173913010506
-1.454454454372188,-0.07704162395536016
-1.4504504503681839,0.07861584916729412
-1.44644644636418,0.010901234447617716
-1.442442442360176,0.06995163860641339
-1.438438438356172,0.021215328620809784
-1.4344344343521678,0.036607159130178875
-1.4304304303481639,0.03616701160847253
-1.4264264263441597,-0.045313956367218834
-1.4224224223401558,0.07511893501976334
-1.418418418336152,-0.043498970923542685
-1.4144144143321478,0.13362734473613244
-1.4104104103281438,-0.02290580863142911
-1.4064064063241397,-0.09833546504737094
-1.4024024023201358,0.019989392991834713
-1.3983983983161319,0.11424832215687022
-1.3943943943121277,-0.0006025045479625025
-1.3903903903081238,-0.10029501188724302
-1.38638638630412,0.0893120809722131
-1.3823823823001158,0.08792852905282868
-1.3783783782961119,-0.07481336822412545
-1.374374374292108,-0.04007581030993142
-1.3703703702881038,0.12563219050534888
-1.3663663662841,-0.09524521106080996
-1.3623623622800958,0.11458213315382133
-1.3583583582760919,-0.22236790201894308
-1.354354354272088,0.06309046577357902
-1.3503503502680838,0.03596655453405666
-1.34634634626408,0.009669121398650693
-1.3423423422600758,-0.07459251084809707
-1.3383383382560716,-0.06367622772843361
-1.3343343342520677,-0.01772357373883331
-1.3303303302480638,-0.052592513884629655
-1.3263263262440597,-0.08318677544035269
-1.3223223222400557,0.13020575599748987
-1.3183183182360516,0.043552962024125536
-1.3143143142320477,-0.11098829024719777
-1.3103103102280438,0.1388950211106016
-1.3063063062240396,-0.07017213811981443
-1.3023023022200357,-0.09638916822309374
-1.2982982982160318,-0.003692235663649961
-1.2942942942120277,-0.03420238005553301
-1.2902902902080238,0.02034512828539
-1.2862862862040199,-0.08083953322791126
-1.2822822822000157,0.02347143193416441
-1.2782782781960118,-0.014826888685031119
-1.2742742741920077,-0.069393629374509
-1.2702702701880038,-0.13276276730750503
-1.2662662661839998,-0.04427637652285439
-1.2622622621799957,0.1800273413489378
-1.2582582581759918,-0.02744963709317292
-1.2542542541719879,0.006572973042947076
-1.2502502501679837,0.04391988622766768
-1.2462462461639798,-0.04992906794687545
-1.2422422421599757,0.12361133349437603
-1.2382382381559716,-0.003206656019377122
-1.2342342341519676,-0.048309831793400156
-1.2302302301479635,-0.007265280033030153
-1.2262262261439596,-0.016579579067480074
-1.2222222221399557,-0.0751991495012031
-1.2182182181359515,0.034224722800214574
-1.2142142141319476,0.0679453288263842
-1.2102102101279437,0.010173489112564528
-1.2062062061239396,-0.07891683835883169
-1.2022022021199357,-0.09757537521482168
-1.1981981981159318,-0.05737789681296569
-1.1941941941119276,0.008500157799678311
-1.1901901901079237,0.013835944141992622
-1.1861861861039196,0.04632603838759681
-1.1821821820999157,-0.0038765667484189736
-1.1781781780959117,-0.11912542535551694
-1.1741741740919076,0.14011123271213732
-1.1701701700879037,0.02363345281571967
-1.1661661660838998,0.062048420950786276
-1.1621621620798956,-0.0240770956378641
-1.1581581580758917,0.142568737730132
-1.1541541540718878,-0.04999888243953682
-1.1501501500678837,0.24223327828018404
-1.1461461460638795,0.13936120516718595
-1.1421421420598754,-0.006023986966222544
-1.1381381380558715,-0.07308224825997911
-1.1341341340518676,0.16170806743847702
-1.1301301300478634,-0.19582842339292636
-1.1261261260438595,0.04753344955176137
-1.1221221220398556,0.015666653780351588
-1.1181181180358515,0.09153146383045768
-1.1141141140318476,0.0464092212724158
-1.1101101100278437,0.09471837784938997
-1.1061061060238395,0.05824588267206087
-1.1021021020198356,-0.21497615042966808
-1.0980980980158315,0.08377834179577398
-1.0940940940118276,-0.013938465966837541
-1.0900900900078234,0.10676224514319262
-1.0860860860038195,0.1780078000318289
-1.0820820819998156,0.040123977547935286
-1.0780780779958117,-0.010030789251877635
-1.0740740739918078,-0.05808453806135736
-1.0700700699878034,-0.0053205969154489045
-1.0660660659837995,0.028456159105673867
-1.0620620619797956,0.08762055770238264
-1.0580580579757917,-0.17964113955887073
-1.0540540539717878,-0.025314580493210437
-1.0500500499677836,-0.1392073665758754
-1.0460460459637793,0.07103233005036974
-1.0420420419597753,0.09055121609976247
-1.0380380379557714,0.010796773407091691
-1.0340340339517675,-0.020891641292608662
-1.0300300299477636,0.13397314085307951
-1.0260260259437592,-0.1535934743741364
-1.0220220219397553,0.03937438880473104
-1.0180180179357514,-0.2444591658410701
-1.0140140139317475,-0.014417044628579493
-1.0100100099277436,-0.06389027625966318
-1.0060060059237397,0.04018777750885667
-1.0020020019197353,0.22236863762261902
-0.9979979979157314,0.09170256384868174
-0.9939939939117275,0.01504191938708381
-0.9899899899077236,-0.028644231501400687
-0.9859859859037197,-0.021852072208199836
-0.9819819818997153,-0.04675994812630629
-0.9779779778957114,0.01201521717851145
-0.9739739738917074,0.03324295535143627
-0.9699699698877035,-0.01028217634146713
-0.9659659658836995,-0.21013894745406192
-0.9619619618796956,-0.011421349988914165
-0.9579579578756913,-0.0747926318469976
-0.9539539538716874,0.1649691384568893
-0.9499499498676834,-0.06398663941227496
-0.9459459458636795,0.06010108647830218
-0.9419419418596756,0.04946239745753375
-0.9379379378556713,0.09045595339224327
-0.9339339338516673,-0.027824512707463684
-0.9299299298476634,-0.06533993845760684
-0.9259259258436594,-0.016586773248625623
-0.9219219218396555,-0.17745805367985534
-0.9179179178356516,0.04271565456508064
-0.9139139138316472,-0.021680513407970628
-0.9099099098276433,-0.16032612880988575
-0.9059059058236394,0.2627575322961258
-0.9019019018196355,0.18195146930895137
-0.8978978978156316,-0.11469316737565605
-0.8938938938116272,-0.053138340890111393
-0.8898898898076233,-0.08541290462485325
-0.8858858858036194,0.15070450612556552
-0.8818818817996154,0.13214634334437586
-0.8778778777956114,-0.2085932198101145
-0.8738738737916075,-0.14320005551747672
-0.8698698697876032,-0.021252959104721986
-0.8658658657835993,0.08506168829718422
-0.8618618617795953,-0.12013740542340666
-0.8578578577755914,0.1523085698626083
-0.8538538537715875,0.003509760086831179
-0.8498498497675832,0.0699237997432574
-0.8458458457635792,-0.08762185856360434
-0.8418418417595753,-0.1250824574436035
-0.8378378377555714,0.041426663989140786
-0.8338338337515674,-0.14415057758882108
-0.8298298297475635,-0.018166318948297972
-0.8258258257435591,0.028470818099505427
-0.8218218217395552,-0.0530279088887519
-0.8178178177355513,-0.07641542810511569
-0.8138138137315474,0.08732507413590229
-0.8098098097275435,0.16125459794619432
-0.8058058057235391,-0.0252560661270413
-0.8018018017195352,0.03904092931596772
-0.7977977977155313,0.014313117037298413
-0.7937937937115274,0.11889069582474084
-0.7897897897075234,0.1336335248627734
-0.7857857857035194,-0.0383287089633131
-0.7817817816995152,-0.04150868995099011
-0.7777777776955112,-0.0780294240556148
-0.7737737736915072,0.07428143754454938
-0.7697697696875033,0.10939535705624295
-0.7657657656834994,-0.026017490436795604
-0.761761761679495,-0.09529148341433137
-0.7577577576754911,-0.015170405713299612
-0.7537537536714872,0.020137785914602566
-0.7497497496674833,0.028746362893222178
-0.7457457456634794,0.15470686905731482
-0.7417417416594755,0.12611451297882845
-0.7377377376554711,-0.02043461403766443
-0.7337337336514671,0.01898685420982833
-0.7297297296474632,-0.02324148440392275
-0.7257257256434593,-0.12241884737587119
-0.7217217216394554,0.04938772272106443
-0.717717717635451,-0.17119951279608603
-0.7137137136314471,0.1611703161498783
-0.7097097096274432,0.0800999172111311
-0.7057057056234393,0.06405251678798606
-0.7017017016194353,-0.02762623932257062
-0.6976976976154314,-0.1265217497482945
-0.6936936936114271,0.12420498983076361
-0.6896896896074232,0.13708743440232388
-0.6856856856034191,-0.0327657006596976
-0.6816816815994152,0.02421113133647654
-0.6776776775954113,0.0732360713916723
-0.673673673591407,0.23662872257699044
-0.669669669587403,0.09679914397446472
-0.6656656655833991,-0.08315588195830587
-0.6616616615793952,-0.09882976188518072
-0.6576576575753913,0.08447092295755555
-0.6536536535713874,-0.018759796368976983
-0.649649649567383,0.03247312884987393
-0.6456456455633791,-0.029720751757165216
-0.6416416415593752,-0.028734161173515144
-0.6376376375553712,0.1146470706878589
-0.6336336335513673,0.04006634753082879
-0.6296296295473629,-0.16699702933232946
-0.625625625543359,0.08818288714251252
-0.6216216215393551,0.06965965795733198
-0.6176176175353512,-0.0026426079925267808
-0.6136136135313472,-0.04277727059576946
-0.6096096095273433,0.03367651185231211
-0.605605605523339,-0.05447911406748669
-0.6016016015193351,-0.22456206109828775
-0.5975975975153311,0.12019465454645062
-0.5935935935113272,0.009500031228262224
-0.5895895895073232,0.03608231926976312
-0.5855855855033189,-0.053818260128575934
-0.5815815814993149,0.17988553088278816
-0.577577577495311,-0.14669953874122174
-0.5735735734913071,0.0767241487743227
-0.5695695694873032,-0.01566282452410945
-0.5655655654832993,0.07584471004423707
-0.5615615614792949,0.009585429714899608
-0.557557557475291,0.01761370382805095
-0.5535535534712871,0.09252152608264859
-0.5495495494672832,0.11179542035952628
-0.5455455454632793,0.09414875546389256
-0.5415415414592749,-0.059391676503294605
-0.5375375374552709,-0.022407744579939343
-0.533533533451267,-0.3102348001951766
-0.5295295294472631,-0.059665629566309046
-0.5255255254432591,0.09108032984154336
-0.5215215214392552,0.0404210041211138
-0.5175175174352509,0.15530319817996907
-0.513513513431247,-0.05502245780845147
-0.509509509427243,-0.04917683601786979
-0.5055055054232391,0.08246603182798709
-0.5015015014192352,-0.03653939476490992
-0.4974974974152308,-0.1376987749676701
-0.4934934934112269,0.07846289091516534
-0.489489489407223,-0.14419279498614526
-0.48548548540321906,0.002728619789920694
-0.4814814813992151,0.03948521480563413
-0.4774774773952112,-0.013216731275489097
-0.4734734733912068,0.018214651836078545
-0.4694694693872029,0.014579439203876138
-0.465465465383199,0.017388361756288995
-0.4614614613791951,-0.06316461153663476
-0.4574574573751911,0.13736095230454878
-0.4534534533711868,-0.009015314339463985
-0.44944944936718284,0.03356760374013876
-0.4454454453631789,0.0068549545969109355
-0.441441441359175,-0.1117949065865757
-0.4374374373551711,0.025544623802915323
-0.43343343335116713,-0.09871856719298734
-0.4294294293471628,0.16740014300480527
-0.42542542534315886,-0.024793412808942414
-0.42142142133915494,-0.14054522208035475
-0.41741741733515103,-0.010919600767526839
-0.4134134133311471,-0.09221321574793123
-0.40940940932714276,0.024837960781729732
-0.4054054053231388,-0.24536526735894865
-0.4014014013191349,-0.03262475440092256
-0.39739739731513096,-0.03906668257544167
-0.39339339331112705,0.007493374306836775
-0.38938938930712313,-0.09182394707944924
-0.3853853853031188,-0.016863343299508747
-0.3813813812991148,0.030705419168584675
-0.3773773772951109,-0.0171927127940969
-0.373373373291107,-0.11791625707991438
-0.36936936928710307,-0.08509133111071844
-0.3653653652830987,-0.09746770987438749
-0.3613613612790948,-0.02062752320280764
-0.3573573572750908,0.19959134289888253
-0.3533533532710869,0.1333231674287209
-0.349349349267083,0.11120298410342669
-0.3453453452630791,0.08840522978287611
-0.3413413412590747,-0.1926401964146094
-0.3373373372550708,-0.2052401272757737
-0.33333333325106684,-0.2837661695894144
-0.32932932924706293,-0.08939159173120537
-0.325325325243059,0.10355365799364785
-0.32132132123905466,-0.011166680561223434
-0.31731731723505074,-0.07987302281467425
-0.31331331323104683,-0.018834064684311022
-0.30930930922704286,-0.025576740062634846
-0.30530530522303895,-0.0358421652748509
-0.30130130121903503,-0.13035806035943975
-0.2972972972150307,-0.05371122369421547
-0.29329329321102676,-0.01661104861142322
-0.28928928920702285,-0.016258199939604003
-0.2852852852030189,0.12674427597887228
-0.28128128119901497,-0.036834613206664
-0.2772772771950106,-0.0016266487620279998
-0.2732732731910067,-0.051983247425789206
-0.2692692691870028,0.04142111294064134
-0.26526526518299887,0.02011125358526501
-0.2612612611789949,0.16290690613206235
-0.257257257174991,-0.06934920126818407
-0.2532532531709866,0.04194971657669624
-0.2492492491669827,0.03882012554158916
-0.2452452451629788,0.059235990980837816
-0.24124124115897486,-0.006817855500043355
-0.23723723715497094,0.001939273549365708
-0.23323323315096658,0.03558168275473269
-0.22922922914696264,0.010398746004319878
-0.22522522514295873,0.009411619781391453
-0.22122122113895482,-0.11423729921725888
-0.21721721713495087,-0.039853316004755446
-0.21321321313094696,-0.15278186384790404
-0.2092092091269426,-0.07498690742128694
-0.20520520512293866,0.04535608580838024
-0.20120120111893475,0.06633334073550279
-0.1971971971149308,-0.13874099207861618
-0.1931931931109269,0.08787189991290127
-0.18918918910692253,-0.26076890607186537
-0.18518518510291862,0.1440189882470426
-0.18118118109891468,-0.06231493563510687
-0.17717717709491076,0.03625578303871502
-0.17317317309090682,0.04335395898068161
-0.1691691690869029,0.1702526713039075
-0.16516516508289855,-0.048000577614791276
-0.16116116107889464,0.08307361430965025
-0.1571571570748907,-0.017524425581162625
-0.15315315307088678,0.054157137062330774
-0.14914914906688284,-0.10209710528441802
-0.1451451450628785,0.06499703381730979
-0.14114114105887457,-0.012231721982609281
-0.13713713705487066,-0.02028655258541413
-0.13313313305086671,-0.024102085223503968
-0.1291291290468628,0.02773732077845109
-0.12512512504285886,0.07960263551470285
-0.12112112103885452,0.04270529972296276
-0.11711711703485059,0.040407206975154805
-0.11311311303084666,-0.06300808610423486
-0.10910910902684273,-0.17229941816391592
-0.10510510502283882,0.010705827211467317
-0.10110110101883446,-0.17776252016068372
-0.09709709701483053,-0.08136997881706691
-0.0930930930108266,0.030378924468562357
-0.08908908900682268,-0.06988858822614243
-0.08508508500281875,-0.010668732956834149
-0.08108108099881482,0.08522008056158543
-0.07707707699481048,-0.0031751544788145136
-0.07307307299080655,0.02608858796244313
-0.06906906898680262,-0.02827667244385991
-0.0650650649827987,-0.1230928639707982
-0.06106106097879477,-0.01612902871209856
-0.057057056974790424,0.11523684501169373
-0.053053052970786496,0.05535403779145453
-0.04904904896678257,0.177681725755018
-0.04504504496277864,-0.07594771056006559
-0.04104104095877471,0.06512506274493338
-0.037037036954770786,-0.024960281542341242
-0.033033032950766435,-0.057461495902198234
-0.02902902894676251,-0.08940594650002227
-0.025025024942758583,0.05019962859909949
-0.02102102093875466,0.06110849574901909
-0.01701701693475073,0.0038942575690309963
-0.01301301293074638,-0.02737200927180705
-0.009009008926742454,-0.0032917975045209415
-0.0050050049227385275,-0.02000204482222989
-0.0010010009187346007,0.015200389696165354
0.003003003085269326,-0.10570821353520868
0.007007007089273253,-0.10522829500764147
0.011011011093277602,0.18380390451960518
0.01501501509728153,0.031205583867728273
0.019019019101285457,-0.10253350194746856
0.02302302310528938,0.06051226327867198
0.02702702710929331,-0.08719030519572174
0.03103103111329766,0.1736421978918241
0.035035035117301584,-0.021389632381750512
0.03903903912130551,0.08403357312315816
0.04304304312530944,0.05981438068331101
0.04704704712931337,0.0005014062319091246
0.051051051133317295,0.07987447267973431
0.055055055137321646,0.0070744261318733325
0.059059059141325566,-0.1475717245183637
0.0630630631453295,-0.07119062246321871
0.06706706714933343,0.006621712116036724
0.07107107115333736,0.12285165204833973
0.0750750751573417,-0.034327104165037405
0.07907907916134563,-0.0721262636738934
0.08308308316534956,0.08525766780761246
0.08708708716935348,-0.069012170175293
0.09109109117335741,0.06971391012705878
0.09509509517736134,-0.03012316709027099
0.09909909918136568,0.06104514492596996
0.10310310318536961,-0.08244540885492047
0.10710710718937354,-0.08538232313335747
0.11111111119337747,-0.11305238942607634
0.11511511519738139,0.030467327292484716
0.11911911920138532,0.039414366242820444
0.12312312320538966,0.0034498510901857793
0.1271271272093936,-0.014615627059615138
0.13113113121339753,-0.007772116140003113
0.13513513521740145,0.07538338218364014
0.13913913922140536,-0.007533776014964945
0.14314314322540972,-0.17513621658331943
0.14714714722941366,0.006665980500084133
0.15115115123341757,-0.19278208366753188
0.15515515523742152,0.008841628300012536
0.15915915924142543,0.049592765472739976
0.16316316324542934,-0.01178874552471046
0.1671671672494337,0.13796013790976563
0.17117117125343764,-0.06417659904336757
0.17517517525744156,-0.09909691187624896
0.1791791792614455,-0.03358061623620452
0.1831831832654494,-0.03772448034045455
0.18718718726945377,-0.03523452598019149
0.19119119127345768,-0.03724356093982475
0.19519519527746163,0.15684233459642705
0.19919919928146554,0.053153470582583275
0.20320320328546948,0.020322803287018024
0.2072072072894734,0.12222570856643614
0.21121121129347775,-0.0921380702787008
0.21521521529748167,-0.0858710942850977
0.2192192193014856,-0.03163192041842446
0.22322322330548952,0.10917585472344625
0.22722722730949346,0.06537502909964908
0.2312312313134978,0.06319694815214436
0.23523523531750173,0.0809483977605064
0.23923923932150565,-0.04809590992843763
0.2432432433255096,-0.09661367626853047
0.2472472473295135,0.10295028301242673
0.25125125133351744,-0.21037381390665863
0.2552552553375218,0.12542470908128514
0.2592592593415257,0.04293306241936923
0.26326326334552963,-0.0038112850487323903
0.26726726734953354,0.0007845519306432108
0.2712712713535375,0.05772174087355622
0.27527527535754187,0.10432548756593019
0.2792792793615458,-0.09107276311850973
0.2832832833655497,0.016475421203612905
0.2872872873695536,0.08023794356142358
0.2912912913735575,0.0037018355876684197
0.2952952953775615,0.03742686185111775
0.29929929938156585,-0.029604310164559527
0.30330330338556977,0.09914682997062495
0.3073073073895737,-0.033273077221437165
0.3113113113935776,0.19762794380778742
0.3153153153975815,0.09130869908248752
0.31931931940158587,-0.04526175239504707
0.32332332340558984,0.1713990767420048
0.32732732740959375,-0.08068987223792333
0.33133133141359766,-0.08535756197338017
0.3353353354176016,-0.09766260439663124
0.33933933942160555,0.05578141503296094
0.34334334342560985,-0.10782708688464045
0.3473473474296138,-0.036068565574928484
0.35135135143361773,-0.01598720554933113
0.35535535543762165,0.008276764140122815
0.35935935944162556,0.09433542105722359
0.3633633634456299,-0.06415742285375163
0.36736736744963383,0.13538801143494988
0.3713713714536378,0.029351863253628104
0.3753753754576417,0.06385388111248179
0.3793793794616456,-0.05799330120650466
0.38338338346564954,-0.009589983857396681
0.3873873874696539,0.07445180181182236
0.3913913914736578,-0.19557251614800164
0.3953953954776618,0.02566633578275775
0.3993993994816657,0.14811402444738897
0.4034034034856696,0.011421828457032605
0.40740740748967397,-0.015124926623262919
0.4114114114936779,-0.15572603039963817
0.4154154154976818,-0.10939839514085103
0.41941941950168576,0.08977245874335461
0.4234234235056897,0.1778280478226854
0.4274274275096936,0.07237869450821913
0.43143143151369795,-0.1795604437563184
0.43543543551770186,0.1433918538340346
0.4394394395217058,-0.1257764149033257
0.44344344352570975,-0.037101677812814864
0.44744744752971366,0.040997069652209436
0.451451451533718,0.23111857485311182
0.45545545553772193,0.13707835330681725
0.45945945954172585,-0.05332728483764468
0.46346346354572976,-0.04140812367681754
0.46746746754973373,0.01831428707155126
0.47147147155373764,0.004000353091517743
0.475475475557742,0.032051813820533674
0.4794794795617459,0.0008573923428840914
0.4834834835657498,0.020250105857087832
0.4874874875697538,-0.0720198778071379
0.4914914915737577,0.07256265737847639
0.49549549557776207,0.042168750281320166
0.499499499581766,0.06328238832632993
0.5035035035857699,-0.12463038913908436
0.5075075075897738,0.14876561517744818
0.5115115115937777,-0.12580900252705055
0.5155155155977816,-0.039385166860214114
0.519519519601786,0.14638760343377352
0.5235235236057899,0.09130722338050035
0.5275275276097939,0.019904792579205403
0.5315315316137978,0.047334871394994225
0.5355355356178018,0.046684618262098035
0.5395395396218061,0.1461817631917535
0.54354354362581,-0.004676556210488823
0.547547547629814,0.11339561497934586
0.5515515516338179,-0.14944607849963276
0.5555555556378218,0.07093820544750225
0.5595595596418257,0.26046074515191936
0.56356356364583,-0.043804400901678225
0.567567567649834,-0.1311694113784084
0.5715715716538379,-0.02103064286661001
0.5755755756578419,0.2891721814281029
0.5795795796618458,-0.0006957831437332065
0.5835835836658502,-0.06766932251118392
0.5875875876698541,-0.015023929033941742
0.591591591673858,-0.06743469863235514
0.5955955956778619,0.13954153389616364
0.5995995996818658,-0.0071951907811067155
0.6036036036858697,-0.03873719577645854
0.6076076076898741,-0.2148423691437286
0.611611611693878,-0.0027827163519497516
0.6156156156978819,-0.026466420500050943
0.6196196197018858,-0.0929235052726559
0.6236236237058899,0.16316448651284376
0.6276276277098942,-0.06478920156286513
0.6316316317138981,-0.12044065545795402
0.635635635717902,-0.05649602190296169
0.639639639721906,-0.04114410358196663
0.6436436437259099,0.0875782915698155
0.6476476477299138,0.05620575200934902
0.6516516517339181,0.05309760384851491
0.6556556557379221,0.11953412929487295
0.659659659741926,0.012199633312029168
0.6636636637459299,-0.08578858562593034
0.6676676677499339,0.0883637443663187
0.6716716717539382,-0.059716284081408125
0.6756756757579422,-0.16608065124241067
0.6796796797619461,-0.05365924596345524
0.68368368376595,-0.1791270172447157
0.6876876877699539,0.16932780848758147
0.6916916917739578,0.019711906898548456
0.6956956957779622,-0.006253848137595688
0.6996996997819661,0.0006874492816996681
0.70370370378597,0.0887859344596565
0.7077077077899739,0.054101497425650714
0.7117117117939779,-0.026754023688945822
0.7157157157979822,-0.021417409331700846
0.7197197198019861,-0.06899964242162714
0.7237237238059901,0.004479157139644209
0.7277277278099941,0.10673649007177098
0.731731731813998,-0.02271373512157789
0.7357357358180019,0.00926620932478322
0.7397397398220062,0.14352629812574974
0.7437437438260102,0.004640009438387
0.7477477478300141,0.1718167652746075
0.751751751834018,-0.022209143486146596
0.7557557558380219,0.11616795543874432
0.7597597598420263,0.017160990637623105
0.7637637638460302,0.05399399411750876
0.7677677678500341,-0.09075591705052942
0.7717717718540381,0.018913837129915838
0.775775775858042,0.051554420875759545
0.7797797798620459,-0.09110755704240915
0.7837837838660503,-0.014197678830870673
0.7877877878700542,0.056875408046658
0.7917917918740581,0.1148427038506519
0.795795795878062,0.01920085112493232
0.799799799882066,-0.13489696041395374
0.8038038038860703,0.21791209025824934
0.8078078078900742,-0.08007376904780363
0.8118118118940781,-0.09437515360930929
0.8158158158980825,-0.06285167962497912
0.8198198199020864,0.10638103357294502
0.8238238239060904,0.2687240742126471
0.8278278279100943,0.15957287615788104
0.8318318319140983,0.20606348210381228
0.8358358359181022,0.009706952602503767
0.8398398399221061,-0.11992841375297217
0.84384384392611,-0.08635368356057482
0.8478478479301139,-0.0034183693147929388
0.8518518519341178,-0.0037144525829660886
0.8558558559381217,-0.10508617153352091
0.8598598599421265,0.048709616868629964
0.8638638639461305,-0.06811682553934997
0.8678678679501344,-0.05224248406356599
0.8718718719541384,0.0806128516972527
0.8758758759581423,0.06373490950251785
0.8798798799621462,0.01278904432803272
0.8838838839661501,0.011147456797671281
0.887887887970154,-0.09376773681218598
0.891891891974158,0.08051566744234873
0.8958958959781619,-0.050364464508283004
0.8998998999821658,-0.01522900337155298
0.9039039039861706,0.0056745776093387115
0.9079079079901745,0.02990565404315897
0.9119119119941784,-0.058300127043585594
0.9159159159981823,0.09114789255932199
0.9199199200021864,-0.04979862324151379
0.9239239240061903,-0.09824572150282623
0.9279279280101942,-0.048456952833880504
0.9319319320141981,-0.0347059355039285
0.935935936018202,-0.0047695128768086206
0.9399399400222059,0.005714609155424271
0.9439439440262098,-0.10668544388045582
0.9479479480302146,-0.03894136702565121
0.9519519520342186,-0.068934123405978
0.9559559560382225,0.008387551182680522
0.9599599600422264,0.07835024103807274
0.9639639640462304,-0.00576034490352838
0.9679679680502343,0.21541815892752153
0.9719719720542382,0.035496131309594
0.9759759760582422,0.030129224549759054
0.9799799800622461,0.2077111072814883
0.98398398406625,0.0011727981298137622
0.9879879880702539,-0.02009031255738175
0.9919919920742587,0.15539726031421508
0.9959959960782626,-0.051819049888746804
1.0000000000822666,-0.0645792280155187
